Song,Artist,ids,danceability,energy,key,loudness,mode,speechiness,acousticness,instrumentalness,liveness,valence,tempo,type,id,uri,track_href,analysis_url,duration_ms,time_signature,danceability.1,energy.1,key.1,loudness.1,mode.1,speechiness.1,acousticness.1,instrumentalness.1,liveness.1,valence.1,tempo.1,type.1,id.1,uri.1,track_href.1,analysis_url.1,duration_ms.1,time_signature.1,danceability,energy,key,loudness,mode,speechiness,acousticness,instrumentalness,liveness,valence,tempo,type,id,uri,track_href,analysis_url,duration_ms,time_signature
Vampire,Olivia Rodrigo,4sSKTQcX6pQIncWcNJdkiD,0.675,0.609,1,-7.905,1,0.094,0.284,0.268,0.112,0.057,119.973,audio_features,4sSKTQcX6pQIncWcNJdkiD,spotify:track:4sSKTQcX6pQIncWcNJdkiD,https://api.spotify.com/v1/tracks/4sSKTQcX6pQIncWcNJdkiD,https://api.spotify.com/v1/audio-analysis/4sSKTQcX6pQIncWcNJdkiD,300000,4,0.675,0.609,1,-7.905,1,0.094,0.284,0.268,0.112,0.057,119.973,audio_features,4sSKTQcX6pQIncWcNJdkiD,spotify:track:4sSKTQcX6pQIncWcNJdkiD,https://api.spotify.com/v1/tracks/4sSKTQcX6pQIncWcNJdkiD,https://api.spotify.com/v1/audio-analysis/4sSKTQcX6pQIncWcNJdkiD,300000,4,0.675,0.609,1,-7.905,1,0.094,0.284,0.268,0.112,0.057,119.973,audio_features,4sSKTQcX6pQIncWcNJdkiD,spotify:track:4sSKTQcX6pQIncWcNJdkiD,https://api.spotify.com/v1/tracks/4sSKTQcX6pQIncWcNJdkiD,https://api.spotify.com/v1/audio-analysis/4sSKTQcX6pQIncWcNJdkiD,300000,4
Last Night,Morgan Wallen,59uQI0PADDKeE6UZDTJEe8,0.517,0.675,6,-5.382,1,0.0357,0.459,0.0,0.151,0.518,203.853,audio_features,59uQI0PADDKeE6UZDTJEe8,spotify:track:59uQI0PADDKeE6UZDTJEe8,https://api.spotify.com/v1/tracks/59uQI0PADDKeE6UZDTJEe8,https://api.spotify.com/v1/audio-analysis/59uQI0PADDKeE6UZDTJEe8,163855,4,0.517,0.675,6,-5.382,1,0.0357,0.459,0.0,0.151,0.518,203.853,audio_features,59uQI0PADDKeE6UZDTJEe8,spotify:track:59uQI0PADDKeE6UZDTJEe8,https://api.spotify.com/v1/tracks/59uQI0PADDKeE6UZDTJEe8,https://api.spotify.com/v1/audio-analysis/59uQI0PADDKeE6UZDTJEe8,163855,4,0.517,0.675,6,-5.382,1,0.0357,0.459,0.0,0.151,0.518,203.853,audio_features,59uQI0PADDKeE6UZDTJEe8,spotify:track:59uQI0PADDKeE6UZDTJEe8,https://api.spotify.com/v1/tracks/59uQI0PADDKeE6UZDTJEe8,https://api.spotify.com/v1/audio-analysis/59uQI0PADDKeE6UZDTJEe8,163855,4
Fast Car,Luke Combs,1Lo0QY9cvc8sUB2vnIOxDT,0.712,0.603,8,-5.52,1,0.0262,0.186,0.0,0.115,0.67,97.994,audio_features,1Lo0QY9cvc8sUB2vnIOxDT,spotify:track:1Lo0QY9cvc8sUB2vnIOxDT,https://api.spotify.com/v1/tracks/1Lo0QY9cvc8sUB2vnIOxDT,https://api.spotify.com/v1/audio-analysis/1Lo0QY9cvc8sUB2vnIOxDT,265493,4,0.712,0.603,8,-5.52,1,0.0262,0.186,0.0,0.115,0.67,97.994,audio_features,1Lo0QY9cvc8sUB2vnIOxDT,spotify:track:1Lo0QY9cvc8sUB2vnIOxDT,https://api.spotify.com/v1/tracks/1Lo0QY9cvc8sUB2vnIOxDT,https://api.spotify.com/v1/audio-analysis/1Lo0QY9cvc8sUB2vnIOxDT,265493,4,0.712,0.603,8,-5.52,1,0.0262,0.186,0.0,0.115,0.67,97.994,audio_features,1Lo0QY9cvc8sUB2vnIOxDT,spotify:track:1Lo0QY9cvc8sUB2vnIOxDT,https://api.spotify.com/v1/tracks/1Lo0QY9cvc8sUB2vnIOxDT,https://api.spotify.com/v1/audio-analysis/1Lo0QY9cvc8sUB2vnIOxDT,265493,4
Calm Down,Rema & Selena Gomez,0WtM2NBVQNNJLh6scP13H8,0.801,0.806,11,-5.206,1,0.0381,0.382,0.000669,0.114,0.802,106.999,audio_features,0WtM2NBVQNNJLh6scP13H8,spotify:track:0WtM2NBVQNNJLh6scP13H8,https://api.spotify.com/v1/tracks/0WtM2NBVQNNJLh6scP13H8,https://api.spotify.com/v1/audio-analysis/0WtM2NBVQNNJLh6scP13H8,239318,4,0.801,0.806,11,-5.206,1,0.0381,0.382,0.000669,0.114,0.802,106.999,audio_features,0WtM2NBVQNNJLh6scP13H8,spotify:track:0WtM2NBVQNNJLh6scP13H8,https://api.spotify.com/v1/tracks/0WtM2NBVQNNJLh6scP13H8,https://api.spotify.com/v1/audio-analysis/0WtM2NBVQNNJLh6scP13H8,239318,4,0.801,0.806,11,-5.206,1,0.0381,0.382,0.000669,0.114,0.802,106.999,audio_features,0WtM2NBVQNNJLh6scP13H8,spotify:track:0WtM2NBVQNNJLh6scP13H8,https://api.spotify.com/v1/tracks/0WtM2NBVQNNJLh6scP13H8,https://api.spotify.com/v1/audio-analysis/0WtM2NBVQNNJLh6scP13H8,239318,4
Flowers,Miley Cyrus,3MnewZrZDqej6thgEx3OB1,0.672,0.159,9,-8.76,0,0.0343,0.962,1.83e-05,0.106,0.117,113.218,audio_features,3MnewZrZDqej6thgEx3OB1,spotify:track:3MnewZrZDqej6thgEx3OB1,https://api.spotify.com/v1/tracks/3MnewZrZDqej6thgEx3OB1,https://api.spotify.com/v1/audio-analysis/3MnewZrZDqej6thgEx3OB1,210827,4,0.672,0.159,9,-8.76,0,0.0343,0.962,1.83e-05,0.106,0.117,113.218,audio_features,3MnewZrZDqej6thgEx3OB1,spotify:track:3MnewZrZDqej6thgEx3OB1,https://api.spotify.com/v1/tracks/3MnewZrZDqej6thgEx3OB1,https://api.spotify.com/v1/audio-analysis/3MnewZrZDqej6thgEx3OB1,210827,4,0.672,0.159,9,-8.76,0,0.0343,0.962,1.83e-05,0.106,0.117,113.218,audio_features,3MnewZrZDqej6thgEx3OB1,spotify:track:3MnewZrZDqej6thgEx3OB1,https://api.spotify.com/v1/tracks/3MnewZrZDqej6thgEx3OB1,https://api.spotify.com/v1/audio-analysis/3MnewZrZDqej6thgEx3OB1,210827,4
All My Life,Lil Durk Featuring J. Cole,6HgWWaMu31KdOpEG5l28BG,0.829,0.436,3,-8.205,1,0.327,0.15,0.0,0.0954,0.693,143.031,audio_features,6HgWWaMu31KdOpEG5l28BG,spotify:track:6HgWWaMu31KdOpEG5l28BG,https://api.spotify.com/v1/tracks/6HgWWaMu31KdOpEG5l28BG,https://api.spotify.com/v1/audio-analysis/6HgWWaMu31KdOpEG5l28BG,223204,4,0.829,0.436,3,-8.205,1,0.327,0.15,0.0,0.0954,0.693,143.031,audio_features,6HgWWaMu31KdOpEG5l28BG,spotify:track:6HgWWaMu31KdOpEG5l28BG,https://api.spotify.com/v1/tracks/6HgWWaMu31KdOpEG5l28BG,https://api.spotify.com/v1/audio-analysis/6HgWWaMu31KdOpEG5l28BG,223204,4,0.829,0.436,3,-8.205,1,0.327,0.15,0.0,0.0954,0.693,143.031,audio_features,6HgWWaMu31KdOpEG5l28BG,spotify:track:6HgWWaMu31KdOpEG5l28BG,https://api.spotify.com/v1/tracks/6HgWWaMu31KdOpEG5l28BG,https://api.spotify.com/v1/audio-analysis/6HgWWaMu31KdOpEG5l28BG,223204,4
Cruel Summer,Taylor Swift,2EGaDf0cPX789H3LNeB03D,0.666,0.871,1,-6.017,0,0.0272,0.27,0.0208,0.263,0.936,108.501,audio_features,2EGaDf0cPX789H3LNeB03D,spotify:track:2EGaDf0cPX789H3LNeB03D,https://api.spotify.com/v1/tracks/2EGaDf0cPX789H3LNeB03D,https://api.spotify.com/v1/audio-analysis/2EGaDf0cPX789H3LNeB03D,215326,4,0.666,0.871,1,-6.017,0,0.0272,0.27,0.0208,0.263,0.936,108.501,audio_features,2EGaDf0cPX789H3LNeB03D,spotify:track:2EGaDf0cPX789H3LNeB03D,https://api.spotify.com/v1/tracks/2EGaDf0cPX789H3LNeB03D,https://api.spotify.com/v1/audio-analysis/2EGaDf0cPX789H3LNeB03D,215326,4,0.666,0.871,1,-6.017,0,0.0272,0.27,0.0208,0.263,0.936,108.501,audio_features,2EGaDf0cPX789H3LNeB03D,spotify:track:2EGaDf0cPX789H3LNeB03D,https://api.spotify.com/v1/tracks/2EGaDf0cPX789H3LNeB03D,https://api.spotify.com/v1/audio-analysis/2EGaDf0cPX789H3LNeB03D,215326,4
Fukumean,Gunna,4rXLjWdF2ZZpXCVTfWcshS,0.847,0.622,1,-6.747,0,0.0903,0.119,0.0,0.285,0.22,130.001,audio_features,4rXLjWdF2ZZpXCVTfWcshS,spotify:track:4rXLjWdF2ZZpXCVTfWcshS,https://api.spotify.com/v1/tracks/4rXLjWdF2ZZpXCVTfWcshS,https://api.spotify.com/v1/audio-analysis/4rXLjWdF2ZZpXCVTfWcshS,125040,4,0.847,0.622,1,-6.747,0,0.0903,0.119,0.0,0.285,0.22,130.001,audio_features,4rXLjWdF2ZZpXCVTfWcshS,spotify:track:4rXLjWdF2ZZpXCVTfWcshS,https://api.spotify.com/v1/tracks/4rXLjWdF2ZZpXCVTfWcshS,https://api.spotify.com/v1/audio-analysis/4rXLjWdF2ZZpXCVTfWcshS,125040,4,0.847,0.622,1,-6.747,0,0.0903,0.119,0.0,0.285,0.22,130.001,audio_features,4rXLjWdF2ZZpXCVTfWcshS,spotify:track:4rXLjWdF2ZZpXCVTfWcshS,https://api.spotify.com/v1/tracks/4rXLjWdF2ZZpXCVTfWcshS,https://api.spotify.com/v1/audio-analysis/4rXLjWdF2ZZpXCVTfWcshS,125040,4
Karma,Taylor Swift Featuring Ice Spice,4i6cwNY6oIUU2XZxPIw82Y,0.898,0.676,9,-5.196,1,0.187,0.14,0.0,0.101,0.742,147.991,audio_features,0ZxhtATQ0a6EvQNZ0z6NKV,spotify:track:0ZxhtATQ0a6EvQNZ0z6NKV,https://api.spotify.com/v1/tracks/0ZxhtATQ0a6EvQNZ0z6NKV,https://api.spotify.com/v1/audio-analysis/0ZxhtATQ0a6EvQNZ0z6NKV,172125,4,0.615,0.616,8,-6.523,1,0.0622,0.0623,0.0,0.579,0.0734,89.977,audio_features,4i6cwNY6oIUU2XZxPIw82Y,spotify:track:4i6cwNY6oIUU2XZxPIw82Y,https://api.spotify.com/v1/tracks/4i6cwNY6oIUU2XZxPIw82Y,https://api.spotify.com/v1/audio-analysis/4i6cwNY6oIUU2XZxPIw82Y,201493,4,0.615,0.616,8,-6.523,1,0.0622,0.0623,0.0,0.579,0.0734,89.977,audio_features,4i6cwNY6oIUU2XZxPIw82Y,spotify:track:4i6cwNY6oIUU2XZxPIw82Y,https://api.spotify.com/v1/tracks/4i6cwNY6oIUU2XZxPIw82Y,https://api.spotify.com/v1/audio-analysis/4i6cwNY6oIUU2XZxPIw82Y,201493,4
Favorite Song,Toosii,1SRw5p2lVAi7RGlHEmZg66,0.816,0.367,2,-9.354,1,0.0588,0.314,0.0,0.0987,0.413,116.035,audio_features,1SRw5p2lVAi7RGlHEmZg66,spotify:track:1SRw5p2lVAi7RGlHEmZg66,https://api.spotify.com/v1/tracks/1SRw5p2lVAi7RGlHEmZg66,https://api.spotify.com/v1/audio-analysis/1SRw5p2lVAi7RGlHEmZg66,208630,4,0.816,0.367,2,-9.354,1,0.0588,0.314,0.0,0.0987,0.413,116.035,audio_features,1SRw5p2lVAi7RGlHEmZg66,spotify:track:1SRw5p2lVAi7RGlHEmZg66,https://api.spotify.com/v1/tracks/1SRw5p2lVAi7RGlHEmZg66,https://api.spotify.com/v1/audio-analysis/1SRw5p2lVAi7RGlHEmZg66,208630,4,0.816,0.367,2,-9.354,1,0.0588,0.314,0.0,0.0987,0.413,116.035,audio_features,1SRw5p2lVAi7RGlHEmZg66,spotify:track:1SRw5p2lVAi7RGlHEmZg66,https://api.spotify.com/v1/tracks/1SRw5p2lVAi7RGlHEmZg66,https://api.spotify.com/v1/audio-analysis/1SRw5p2lVAi7RGlHEmZg66,208630,4
Flooded The Face,Lil Uzi Vert,4daEMLSZCgZ2Mt7gNm2SRa,0.64,0.609,1,-7.714,0,0.304,0.492,2.47e-06,0.152,0.393,131.889,audio_features,4daEMLSZCgZ2Mt7gNm2SRa,spotify:track:4daEMLSZCgZ2Mt7gNm2SRa,https://api.spotify.com/v1/tracks/4daEMLSZCgZ2Mt7gNm2SRa,https://api.spotify.com/v1/audio-analysis/4daEMLSZCgZ2Mt7gNm2SRa,192727,4,0.64,0.609,1,-7.714,0,0.304,0.492,2.47e-06,0.152,0.393,131.889,audio_features,4daEMLSZCgZ2Mt7gNm2SRa,spotify:track:4daEMLSZCgZ2Mt7gNm2SRa,https://api.spotify.com/v1/tracks/4daEMLSZCgZ2Mt7gNm2SRa,https://api.spotify.com/v1/audio-analysis/4daEMLSZCgZ2Mt7gNm2SRa,192727,4,0.64,0.609,1,-7.714,0,0.304,0.492,2.47e-06,0.152,0.393,131.889,audio_features,4daEMLSZCgZ2Mt7gNm2SRa,spotify:track:4daEMLSZCgZ2Mt7gNm2SRa,https://api.spotify.com/v1/tracks/4daEMLSZCgZ2Mt7gNm2SRa,https://api.spotify.com/v1/audio-analysis/4daEMLSZCgZ2Mt7gNm2SRa,192727,4
Kill Bill,SZA,1Qrg8KqiBpW07V7PNxwwwL,0.629,0.744,5,-6.124,0,0.0409,0.0769,0.247,0.194,0.451,89.021,audio_features,0CrcwVLUe8wzLUIXgjXVZJ,spotify:track:0CrcwVLUe8wzLUIXgjXVZJ,https://api.spotify.com/v1/tracks/0CrcwVLUe8wzLUIXgjXVZJ,https://api.spotify.com/v1/audio-analysis/0CrcwVLUe8wzLUIXgjXVZJ,175837,4,0.644,0.735,8,-5.747,1,0.0391,0.0521,0.144,0.161,0.418,88.98,audio_features,1Qrg8KqiBpW07V7PNxwwwL,spotify:track:1Qrg8KqiBpW07V7PNxwwwL,https://api.spotify.com/v1/tracks/1Qrg8KqiBpW07V7PNxwwwL,https://api.spotify.com/v1/audio-analysis/1Qrg8KqiBpW07V7PNxwwwL,153947,4,0.644,0.735,8,-5.747,1,0.0391,0.0521,0.144,0.161,0.418,88.98,audio_features,1Qrg8KqiBpW07V7PNxwwwL,spotify:track:1Qrg8KqiBpW07V7PNxwwwL,https://api.spotify.com/v1/tracks/1Qrg8KqiBpW07V7PNxwwwL,https://api.spotify.com/v1/audio-analysis/1Qrg8KqiBpW07V7PNxwwwL,153947,4
Snooze,SZA,4iZ4pt7kvcaH6Yo8UoZ4s2,0.559,0.551,5,-7.231,1,0.132,0.141,0.0,0.11,0.392,143.008,audio_features,4iZ4pt7kvcaH6Yo8UoZ4s2,spotify:track:4iZ4pt7kvcaH6Yo8UoZ4s2,https://api.spotify.com/v1/tracks/4iZ4pt7kvcaH6Yo8UoZ4s2,https://api.spotify.com/v1/audio-analysis/4iZ4pt7kvcaH6Yo8UoZ4s2,201800,4,0.559,0.551,5,-7.231,1,0.132,0.141,0.0,0.11,0.392,143.008,audio_features,4iZ4pt7kvcaH6Yo8UoZ4s2,spotify:track:4iZ4pt7kvcaH6Yo8UoZ4s2,https://api.spotify.com/v1/tracks/4iZ4pt7kvcaH6Yo8UoZ4s2,https://api.spotify.com/v1/audio-analysis/4iZ4pt7kvcaH6Yo8UoZ4s2,201800,4,0.559,0.551,5,-7.231,1,0.132,0.141,0.0,0.11,0.392,143.008,audio_features,4iZ4pt7kvcaH6Yo8UoZ4s2,spotify:track:4iZ4pt7kvcaH6Yo8UoZ4s2,https://api.spotify.com/v1/tracks/4iZ4pt7kvcaH6Yo8UoZ4s2,https://api.spotify.com/v1/audio-analysis/4iZ4pt7kvcaH6Yo8UoZ4s2,201800,4
Creepin',"Metro Boomin, The Weeknd & 21 Savage",2dHHgzDwk4BJdRwy9uXhTO,0.715,0.62,1,-6.005,0,0.0484,0.417,0.0,0.0822,0.172,97.95,audio_features,2dHHgzDwk4BJdRwy9uXhTO,spotify:track:2dHHgzDwk4BJdRwy9uXhTO,https://api.spotify.com/v1/tracks/2dHHgzDwk4BJdRwy9uXhTO,https://api.spotify.com/v1/audio-analysis/2dHHgzDwk4BJdRwy9uXhTO,221520,4,0.715,0.62,1,-6.005,0,0.0484,0.417,0.0,0.0822,0.172,97.95,audio_features,2dHHgzDwk4BJdRwy9uXhTO,spotify:track:2dHHgzDwk4BJdRwy9uXhTO,https://api.spotify.com/v1/tracks/2dHHgzDwk4BJdRwy9uXhTO,https://api.spotify.com/v1/audio-analysis/2dHHgzDwk4BJdRwy9uXhTO,221520,4,0.715,0.62,1,-6.005,0,0.0484,0.417,0.0,0.0822,0.172,97.95,audio_features,2dHHgzDwk4BJdRwy9uXhTO,spotify:track:2dHHgzDwk4BJdRwy9uXhTO,https://api.spotify.com/v1/tracks/2dHHgzDwk4BJdRwy9uXhTO,https://api.spotify.com/v1/audio-analysis/2dHHgzDwk4BJdRwy9uXhTO,221520,4
Ella Baila Sola,Eslabon Armado X Peso Pluma,3qQbCzHBycnDpGskqOWY0E,0.668,0.758,5,-5.176,0,0.0332,0.483,1.89e-05,0.0837,0.834,147.989,audio_features,3qQbCzHBycnDpGskqOWY0E,spotify:track:3qQbCzHBycnDpGskqOWY0E,https://api.spotify.com/v1/tracks/3qQbCzHBycnDpGskqOWY0E,https://api.spotify.com/v1/audio-analysis/3qQbCzHBycnDpGskqOWY0E,165671,3,0.668,0.758,5,-5.176,0,0.0332,0.483,1.89e-05,0.0837,0.834,147.989,audio_features,3qQbCzHBycnDpGskqOWY0E,spotify:track:3qQbCzHBycnDpGskqOWY0E,https://api.spotify.com/v1/tracks/3qQbCzHBycnDpGskqOWY0E,https://api.spotify.com/v1/audio-analysis/3qQbCzHBycnDpGskqOWY0E,165671,3,0.668,0.758,5,-5.176,0,0.0332,0.483,1.89e-05,0.0837,0.834,147.989,audio_features,3qQbCzHBycnDpGskqOWY0E,spotify:track:3qQbCzHBycnDpGskqOWY0E,https://api.spotify.com/v1/tracks/3qQbCzHBycnDpGskqOWY0E,https://api.spotify.com/v1/audio-analysis/3qQbCzHBycnDpGskqOWY0E,165671,3
Sure Thing,Miguel,0JXXNGljqupsJaZsgSbMZV,0.753,0.458,4,-12.52,0,0.123,0.0812,0.00413,0.209,0.662,105.057,audio_features,559SdaPI7mqy9IQiscuaMj,spotify:track:559SdaPI7mqy9IQiscuaMj,https://api.spotify.com/v1/tracks/559SdaPI7mqy9IQiscuaMj,https://api.spotify.com/v1/audio-analysis/559SdaPI7mqy9IQiscuaMj,150054,4,0.684,0.607,11,-8.127,0,0.1,0.0267,0.000307,0.191,0.498,81.001,audio_features,0JXXNGljqupsJaZsgSbMZV,spotify:track:0JXXNGljqupsJaZsgSbMZV,https://api.spotify.com/v1/tracks/0JXXNGljqupsJaZsgSbMZV,https://api.spotify.com/v1/audio-analysis/0JXXNGljqupsJaZsgSbMZV,195373,4,0.684,0.607,11,-8.127,0,0.1,0.0267,0.000307,0.191,0.498,81.001,audio_features,0JXXNGljqupsJaZsgSbMZV,spotify:track:0JXXNGljqupsJaZsgSbMZV,https://api.spotify.com/v1/tracks/0JXXNGljqupsJaZsgSbMZV,https://api.spotify.com/v1/audio-analysis/0JXXNGljqupsJaZsgSbMZV,195373,4
Need A Favor,Jelly Roll,5twSy6ffBrF03mnNUsUgJZ,0.504,0.771,6,-4.231,1,0.0319,0.0123,1.89e-05,0.078,0.555,157.985,audio_features,5twSy6ffBrF03mnNUsUgJZ,spotify:track:5twSy6ffBrF03mnNUsUgJZ,https://api.spotify.com/v1/tracks/5twSy6ffBrF03mnNUsUgJZ,https://api.spotify.com/v1/audio-analysis/5twSy6ffBrF03mnNUsUgJZ,197400,4,0.504,0.771,6,-4.231,1,0.0319,0.0123,1.89e-05,0.078,0.555,157.985,audio_features,5twSy6ffBrF03mnNUsUgJZ,spotify:track:5twSy6ffBrF03mnNUsUgJZ,https://api.spotify.com/v1/tracks/5twSy6ffBrF03mnNUsUgJZ,https://api.spotify.com/v1/audio-analysis/5twSy6ffBrF03mnNUsUgJZ,197400,4,0.504,0.771,6,-4.231,1,0.0319,0.0123,1.89e-05,0.078,0.555,157.985,audio_features,5twSy6ffBrF03mnNUsUgJZ,spotify:track:5twSy6ffBrF03mnNUsUgJZ,https://api.spotify.com/v1/tracks/5twSy6ffBrF03mnNUsUgJZ,https://api.spotify.com/v1/audio-analysis/5twSy6ffBrF03mnNUsUgJZ,197400,4
Anti-Hero,Taylor Swift,0V3wPSX9ygBnCm8psDIegu,0.637,0.643,4,-6.571,1,0.0519,0.13,1.8e-06,0.142,0.533,97.008,audio_features,0V3wPSX9ygBnCm8psDIegu,spotify:track:0V3wPSX9ygBnCm8psDIegu,https://api.spotify.com/v1/tracks/0V3wPSX9ygBnCm8psDIegu,https://api.spotify.com/v1/audio-analysis/0V3wPSX9ygBnCm8psDIegu,200690,4,0.637,0.643,4,-6.571,1,0.0519,0.13,1.8e-06,0.142,0.533,97.008,audio_features,0V3wPSX9ygBnCm8psDIegu,spotify:track:0V3wPSX9ygBnCm8psDIegu,https://api.spotify.com/v1/tracks/0V3wPSX9ygBnCm8psDIegu,https://api.spotify.com/v1/audio-analysis/0V3wPSX9ygBnCm8psDIegu,200690,4,0.637,0.643,4,-6.571,1,0.0519,0.13,1.8e-06,0.142,0.533,97.008,audio_features,0V3wPSX9ygBnCm8psDIegu,spotify:track:0V3wPSX9ygBnCm8psDIegu,https://api.spotify.com/v1/tracks/0V3wPSX9ygBnCm8psDIegu,https://api.spotify.com/v1/audio-analysis/0V3wPSX9ygBnCm8psDIegu,200690,4
Something In The Orange,Zach Bryan,3WMj8moIAXJhHsyLaqIIHI,0.594,0.382,7,-5.432,1,0.0292,0.416,0.0,0.117,0.223,110.237,audio_features,7lNmcW2wW6ciV9Rhh8YOMe,spotify:track:7lNmcW2wW6ciV9Rhh8YOMe,https://api.spotify.com/v1/tracks/7lNmcW2wW6ciV9Rhh8YOMe,https://api.spotify.com/v1/audio-analysis/7lNmcW2wW6ciV9Rhh8YOMe,254258,4,0.369,0.192,4,-12.151,0,0.04,0.555,8.35e-06,0.0954,0.148,175.212,audio_features,3WMj8moIAXJhHsyLaqIIHI,spotify:track:3WMj8moIAXJhHsyLaqIIHI,https://api.spotify.com/v1/tracks/3WMj8moIAXJhHsyLaqIIHI,https://api.spotify.com/v1/audio-analysis/3WMj8moIAXJhHsyLaqIIHI,228013,3,0.369,0.192,4,-12.151,0,0.04,0.555,8.35e-06,0.0954,0.148,175.212,audio_features,3WMj8moIAXJhHsyLaqIIHI,spotify:track:3WMj8moIAXJhHsyLaqIIHI,https://api.spotify.com/v1/tracks/3WMj8moIAXJhHsyLaqIIHI,https://api.spotify.com/v1/audio-analysis/3WMj8moIAXJhHsyLaqIIHI,228013,3
Endless Fashion,Lil Uzi Vert Featuring Nicki Minaj,41bmnQZoDMQdDh5zyomtW7,0.731,0.605,1,-5.01,1,0.19,0.067,7.7e-06,0.177,0.413,132.946,audio_features,41bmnQZoDMQdDh5zyomtW7,spotify:track:41bmnQZoDMQdDh5zyomtW7,https://api.spotify.com/v1/tracks/41bmnQZoDMQdDh5zyomtW7,https://api.spotify.com/v1/audio-analysis/41bmnQZoDMQdDh5zyomtW7,216704,4,0.731,0.605,1,-5.01,1,0.19,0.067,7.7e-06,0.177,0.413,132.946,audio_features,41bmnQZoDMQdDh5zyomtW7,spotify:track:41bmnQZoDMQdDh5zyomtW7,https://api.spotify.com/v1/tracks/41bmnQZoDMQdDh5zyomtW7,https://api.spotify.com/v1/audio-analysis/41bmnQZoDMQdDh5zyomtW7,216704,4,0.731,0.605,1,-5.01,1,0.19,0.067,7.7e-06,0.177,0.413,132.946,audio_features,41bmnQZoDMQdDh5zyomtW7,spotify:track:41bmnQZoDMQdDh5zyomtW7,https://api.spotify.com/v1/tracks/41bmnQZoDMQdDh5zyomtW7,https://api.spotify.com/v1/audio-analysis/41bmnQZoDMQdDh5zyomtW7,216704,4
You Proof,Morgan Wallen,5W4kiM2cUYBJXKRudNyxjW,0.732,0.839,9,-5.007,1,0.0345,0.265,0.0,0.602,0.629,119.724,audio_features,5W4kiM2cUYBJXKRudNyxjW,spotify:track:5W4kiM2cUYBJXKRudNyxjW,https://api.spotify.com/v1/tracks/5W4kiM2cUYBJXKRudNyxjW,https://api.spotify.com/v1/audio-analysis/5W4kiM2cUYBJXKRudNyxjW,157478,4,0.732,0.839,9,-5.007,1,0.0345,0.265,0.0,0.602,0.629,119.724,audio_features,5W4kiM2cUYBJXKRudNyxjW,spotify:track:5W4kiM2cUYBJXKRudNyxjW,https://api.spotify.com/v1/tracks/5W4kiM2cUYBJXKRudNyxjW,https://api.spotify.com/v1/audio-analysis/5W4kiM2cUYBJXKRudNyxjW,157478,4,0.732,0.839,9,-5.007,1,0.0345,0.265,0.0,0.602,0.629,119.724,audio_features,5W4kiM2cUYBJXKRudNyxjW,spotify:track:5W4kiM2cUYBJXKRudNyxjW,https://api.spotify.com/v1/tracks/5W4kiM2cUYBJXKRudNyxjW,https://api.spotify.com/v1/audio-analysis/5W4kiM2cUYBJXKRudNyxjW,157478,4
Die For You,The Weeknd & Ariana Grande,7oDd86yk8itslrA9HRP2ki,0.531,0.525,1,-6.5,0,0.0671,0.232,0.0,0.441,0.502,66.9,audio_features,7oDd86yk8itslrA9HRP2ki,spotify:track:7oDd86yk8itslrA9HRP2ki,https://api.spotify.com/v1/tracks/7oDd86yk8itslrA9HRP2ki,https://api.spotify.com/v1/audio-analysis/7oDd86yk8itslrA9HRP2ki,232857,4,0.531,0.525,1,-6.5,0,0.0671,0.232,0.0,0.441,0.502,66.9,audio_features,7oDd86yk8itslrA9HRP2ki,spotify:track:7oDd86yk8itslrA9HRP2ki,https://api.spotify.com/v1/tracks/7oDd86yk8itslrA9HRP2ki,https://api.spotify.com/v1/audio-analysis/7oDd86yk8itslrA9HRP2ki,232857,4,0.531,0.525,1,-6.5,0,0.0671,0.232,0.0,0.441,0.502,66.9,audio_features,7oDd86yk8itslrA9HRP2ki,spotify:track:7oDd86yk8itslrA9HRP2ki,https://api.spotify.com/v1/tracks/7oDd86yk8itslrA9HRP2ki,https://api.spotify.com/v1/audio-analysis/7oDd86yk8itslrA9HRP2ki,232857,4
Thinkin' Bout Me,Morgan Wallen,7fveJ3pk1eSfxBdVkzdXZ0,0.656,0.757,3,-5.775,0,0.0308,0.492,0.0,0.117,0.429,139.971,audio_features,0PAcdVzhPO4gq1Iym9ESnK,spotify:track:0PAcdVzhPO4gq1Iym9ESnK,https://api.spotify.com/v1/tracks/0PAcdVzhPO4gq1Iym9ESnK,https://api.spotify.com/v1/audio-analysis/0PAcdVzhPO4gq1Iym9ESnK,177388,4,0.624,0.766,8,-3.805,1,0.0359,0.199,8.62e-06,0.156,0.37,172.08,audio_features,7fveJ3pk1eSfxBdVkzdXZ0,spotify:track:7fveJ3pk1eSfxBdVkzdXZ0,https://api.spotify.com/v1/tracks/7fveJ3pk1eSfxBdVkzdXZ0,https://api.spotify.com/v1/audio-analysis/7fveJ3pk1eSfxBdVkzdXZ0,181621,4,0.624,0.766,8,-3.805,1,0.0359,0.199,8.62e-06,0.156,0.37,172.08,audio_features,7fveJ3pk1eSfxBdVkzdXZ0,spotify:track:7fveJ3pk1eSfxBdVkzdXZ0,https://api.spotify.com/v1/tracks/7fveJ3pk1eSfxBdVkzdXZ0,https://api.spotify.com/v1/audio-analysis/7fveJ3pk1eSfxBdVkzdXZ0,181621,4
Cupid,Fifty Fifty,7FbrGaHYVDmfr7KoLIZnQ7,0.783,0.592,11,-8.332,0,0.0331,0.435,4.15e-06,0.347,0.726,120.018,audio_features,7FbrGaHYVDmfr7KoLIZnQ7,spotify:track:7FbrGaHYVDmfr7KoLIZnQ7,https://api.spotify.com/v1/tracks/7FbrGaHYVDmfr7KoLIZnQ7,https://api.spotify.com/v1/audio-analysis/7FbrGaHYVDmfr7KoLIZnQ7,174253,4,0.783,0.592,11,-8.332,0,0.0331,0.435,4.15e-06,0.347,0.726,120.018,audio_features,7FbrGaHYVDmfr7KoLIZnQ7,spotify:track:7FbrGaHYVDmfr7KoLIZnQ7,https://api.spotify.com/v1/tracks/7FbrGaHYVDmfr7KoLIZnQ7,https://api.spotify.com/v1/audio-analysis/7FbrGaHYVDmfr7KoLIZnQ7,174253,4,0.783,0.592,11,-8.332,0,0.0331,0.435,4.15e-06,0.347,0.726,120.018,audio_features,7FbrGaHYVDmfr7KoLIZnQ7,spotify:track:7FbrGaHYVDmfr7KoLIZnQ7,https://api.spotify.com/v1/tracks/7FbrGaHYVDmfr7KoLIZnQ7,https://api.spotify.com/v1/audio-analysis/7FbrGaHYVDmfr7KoLIZnQ7,174253,4
Suicide Doors,Lil Uzi Vert,3fDTzkvrOo5xQIO480Qmsb,0.538,0.783,11,-2.565,0,0.222,0.0113,0.0,0.281,0.553,75.388,audio_features,3fDTzkvrOo5xQIO480Qmsb,spotify:track:3fDTzkvrOo5xQIO480Qmsb,https://api.spotify.com/v1/tracks/3fDTzkvrOo5xQIO480Qmsb,https://api.spotify.com/v1/audio-analysis/3fDTzkvrOo5xQIO480Qmsb,259080,4,0.538,0.783,11,-2.565,0,0.222,0.0113,0.0,0.281,0.553,75.388,audio_features,3fDTzkvrOo5xQIO480Qmsb,spotify:track:3fDTzkvrOo5xQIO480Qmsb,https://api.spotify.com/v1/tracks/3fDTzkvrOo5xQIO480Qmsb,https://api.spotify.com/v1/audio-analysis/3fDTzkvrOo5xQIO480Qmsb,259080,4,0.538,0.783,11,-2.565,0,0.222,0.0113,0.0,0.281,0.553,75.388,audio_features,3fDTzkvrOo5xQIO480Qmsb,spotify:track:3fDTzkvrOo5xQIO480Qmsb,https://api.spotify.com/v1/tracks/3fDTzkvrOo5xQIO480Qmsb,https://api.spotify.com/v1/audio-analysis/3fDTzkvrOo5xQIO480Qmsb,259080,4
La Bebe,Yng Lvcas x Peso Pluma,2UW7JaomAMuX9pZrjVpHAU,0.812,0.479,2,-5.678,0,0.333,0.213,1.21e-06,0.0756,0.559,169.922,audio_features,2UW7JaomAMuX9pZrjVpHAU,spotify:track:2UW7JaomAMuX9pZrjVpHAU,https://api.spotify.com/v1/tracks/2UW7JaomAMuX9pZrjVpHAU,https://api.spotify.com/v1/audio-analysis/2UW7JaomAMuX9pZrjVpHAU,234353,4,0.812,0.479,2,-5.678,0,0.333,0.213,1.21e-06,0.0756,0.559,169.922,audio_features,2UW7JaomAMuX9pZrjVpHAU,spotify:track:2UW7JaomAMuX9pZrjVpHAU,https://api.spotify.com/v1/tracks/2UW7JaomAMuX9pZrjVpHAU,https://api.spotify.com/v1/audio-analysis/2UW7JaomAMuX9pZrjVpHAU,234353,4,0.812,0.479,2,-5.678,0,0.333,0.213,1.21e-06,0.0756,0.559,169.922,audio_features,2UW7JaomAMuX9pZrjVpHAU,spotify:track:2UW7JaomAMuX9pZrjVpHAU,https://api.spotify.com/v1/tracks/2UW7JaomAMuX9pZrjVpHAU,https://api.spotify.com/v1/audio-analysis/2UW7JaomAMuX9pZrjVpHAU,234353,4
Memory Lane,Old Dominion,5kB6WithhB8Iv08EMNmAbt,0.645,0.8,6,-4.272,1,0.0363,0.0189,1.12e-05,0.0858,0.375,118.977,audio_features,5kB6WithhB8Iv08EMNmAbt,spotify:track:5kB6WithhB8Iv08EMNmAbt,https://api.spotify.com/v1/tracks/5kB6WithhB8Iv08EMNmAbt,https://api.spotify.com/v1/audio-analysis/5kB6WithhB8Iv08EMNmAbt,172480,4,0.645,0.8,6,-4.272,1,0.0363,0.0189,1.12e-05,0.0858,0.375,118.977,audio_features,5kB6WithhB8Iv08EMNmAbt,spotify:track:5kB6WithhB8Iv08EMNmAbt,https://api.spotify.com/v1/tracks/5kB6WithhB8Iv08EMNmAbt,https://api.spotify.com/v1/audio-analysis/5kB6WithhB8Iv08EMNmAbt,172480,4,0.645,0.8,6,-4.272,1,0.0363,0.0189,1.12e-05,0.0858,0.375,118.977,audio_features,5kB6WithhB8Iv08EMNmAbt,spotify:track:5kB6WithhB8Iv08EMNmAbt,https://api.spotify.com/v1/tracks/5kB6WithhB8Iv08EMNmAbt,https://api.spotify.com/v1/audio-analysis/5kB6WithhB8Iv08EMNmAbt,172480,4
Next Thing You Know,Jordan Davis,2lNTHWu2I5Tcz9ukWsV5Jj,0.557,0.597,5,-8.296,1,0.048,0.646,0.0,0.0974,0.414,78.526,audio_features,2lNTHWu2I5Tcz9ukWsV5Jj,spotify:track:2lNTHWu2I5Tcz9ukWsV5Jj,https://api.spotify.com/v1/tracks/2lNTHWu2I5Tcz9ukWsV5Jj,https://api.spotify.com/v1/audio-analysis/2lNTHWu2I5Tcz9ukWsV5Jj,175238,4,0.557,0.597,5,-8.296,1,0.048,0.646,0.0,0.0974,0.414,78.526,audio_features,2lNTHWu2I5Tcz9ukWsV5Jj,spotify:track:2lNTHWu2I5Tcz9ukWsV5Jj,https://api.spotify.com/v1/tracks/2lNTHWu2I5Tcz9ukWsV5Jj,https://api.spotify.com/v1/audio-analysis/2lNTHWu2I5Tcz9ukWsV5Jj,175238,4,0.557,0.597,5,-8.296,1,0.048,0.646,0.0,0.0974,0.414,78.526,audio_features,2lNTHWu2I5Tcz9ukWsV5Jj,spotify:track:2lNTHWu2I5Tcz9ukWsV5Jj,https://api.spotify.com/v1/tracks/2lNTHWu2I5Tcz9ukWsV5Jj,https://api.spotify.com/v1/audio-analysis/2lNTHWu2I5Tcz9ukWsV5Jj,175238,4
Dance The Night,Dua Lipa,1vYXt7VSjH9JIM5oRRo7vA,0.671,0.845,11,-4.93,0,0.048,0.0207,0.0,0.329,0.775,110.056,audio_features,1vYXt7VSjH9JIM5oRRo7vA,spotify:track:1vYXt7VSjH9JIM5oRRo7vA,https://api.spotify.com/v1/tracks/1vYXt7VSjH9JIM5oRRo7vA,https://api.spotify.com/v1/audio-analysis/1vYXt7VSjH9JIM5oRRo7vA,176579,4,0.671,0.845,11,-4.93,0,0.048,0.0207,0.0,0.329,0.775,110.056,audio_features,1vYXt7VSjH9JIM5oRRo7vA,spotify:track:1vYXt7VSjH9JIM5oRRo7vA,https://api.spotify.com/v1/tracks/1vYXt7VSjH9JIM5oRRo7vA,https://api.spotify.com/v1/audio-analysis/1vYXt7VSjH9JIM5oRRo7vA,176579,4,0.671,0.845,11,-4.93,0,0.048,0.0207,0.0,0.329,0.775,110.056,audio_features,1vYXt7VSjH9JIM5oRRo7vA,spotify:track:1vYXt7VSjH9JIM5oRRo7vA,https://api.spotify.com/v1/tracks/1vYXt7VSjH9JIM5oRRo7vA,https://api.spotify.com/v1/audio-analysis/1vYXt7VSjH9JIM5oRRo7vA,176579,4
Religiously,Bailey Zimmerman,0bILU0UiNDmA5Ff6whhb2R,0.57,0.67,1,-6.519,1,0.0274,0.426,0.0,0.108,0.593,140.924,audio_features,0bILU0UiNDmA5Ff6whhb2R,spotify:track:0bILU0UiNDmA5Ff6whhb2R,https://api.spotify.com/v1/tracks/0bILU0UiNDmA5Ff6whhb2R,https://api.spotify.com/v1/audio-analysis/0bILU0UiNDmA5Ff6whhb2R,178723,4,0.57,0.67,1,-6.519,1,0.0274,0.426,0.0,0.108,0.593,140.924,audio_features,0bILU0UiNDmA5Ff6whhb2R,spotify:track:0bILU0UiNDmA5Ff6whhb2R,https://api.spotify.com/v1/tracks/0bILU0UiNDmA5Ff6whhb2R,https://api.spotify.com/v1/audio-analysis/0bILU0UiNDmA5Ff6whhb2R,178723,4,0.57,0.67,1,-6.519,1,0.0274,0.426,0.0,0.108,0.593,140.924,audio_features,0bILU0UiNDmA5Ff6whhb2R,spotify:track:0bILU0UiNDmA5Ff6whhb2R,https://api.spotify.com/v1/tracks/0bILU0UiNDmA5Ff6whhb2R,https://api.spotify.com/v1/audio-analysis/0bILU0UiNDmA5Ff6whhb2R,178723,4
Aye,Lil Uzi Vert Featuring Travis Scott,2Hc1LaV6bzFil3dE71eORA,0.777,0.604,9,-4.452,0,0.0397,0.000713,5.64e-05,0.151,0.121,111.998,audio_features,2Hc1LaV6bzFil3dE71eORA,spotify:track:2Hc1LaV6bzFil3dE71eORA,https://api.spotify.com/v1/tracks/2Hc1LaV6bzFil3dE71eORA,https://api.spotify.com/v1/audio-analysis/2Hc1LaV6bzFil3dE71eORA,207836,4,0.777,0.604,9,-4.452,0,0.0397,0.000713,5.64e-05,0.151,0.121,111.998,audio_features,2Hc1LaV6bzFil3dE71eORA,spotify:track:2Hc1LaV6bzFil3dE71eORA,https://api.spotify.com/v1/tracks/2Hc1LaV6bzFil3dE71eORA,https://api.spotify.com/v1/audio-analysis/2Hc1LaV6bzFil3dE71eORA,207836,4,0.777,0.604,9,-4.452,0,0.0397,0.000713,5.64e-05,0.151,0.121,111.998,audio_features,2Hc1LaV6bzFil3dE71eORA,spotify:track:2Hc1LaV6bzFil3dE71eORA,https://api.spotify.com/v1/tracks/2Hc1LaV6bzFil3dE71eORA,https://api.spotify.com/v1/audio-analysis/2Hc1LaV6bzFil3dE71eORA,207836,4
Un x100to,Grupo Frontera X Bad Bunny,6pD0ufEQq0xdHSsRbg9LBK,0.569,0.724,6,-4.076,0,0.0474,0.228,0.0,0.27,0.562,83.118,audio_features,6pD0ufEQq0xdHSsRbg9LBK,spotify:track:6pD0ufEQq0xdHSsRbg9LBK,https://api.spotify.com/v1/tracks/6pD0ufEQq0xdHSsRbg9LBK,https://api.spotify.com/v1/audio-analysis/6pD0ufEQq0xdHSsRbg9LBK,194563,4,0.569,0.724,6,-4.076,0,0.0474,0.228,0.0,0.27,0.562,83.118,audio_features,6pD0ufEQq0xdHSsRbg9LBK,spotify:track:6pD0ufEQq0xdHSsRbg9LBK,https://api.spotify.com/v1/tracks/6pD0ufEQq0xdHSsRbg9LBK,https://api.spotify.com/v1/audio-analysis/6pD0ufEQq0xdHSsRbg9LBK,194563,4,0.569,0.724,6,-4.076,0,0.0474,0.228,0.0,0.27,0.562,83.118,audio_features,6pD0ufEQq0xdHSsRbg9LBK,spotify:track:6pD0ufEQq0xdHSsRbg9LBK,https://api.spotify.com/v1/tracks/6pD0ufEQq0xdHSsRbg9LBK,https://api.spotify.com/v1/audio-analysis/6pD0ufEQq0xdHSsRbg9LBK,194563,4
Thought You Should Know,Morgan Wallen,3Qu3Zh4WTKhP9GEXo0aDnb,0.53,0.678,6,-6.16,1,0.0278,0.506,6.23e-06,0.138,0.508,140.05,audio_features,3Qu3Zh4WTKhP9GEXo0aDnb,spotify:track:3Qu3Zh4WTKhP9GEXo0aDnb,https://api.spotify.com/v1/tracks/3Qu3Zh4WTKhP9GEXo0aDnb,https://api.spotify.com/v1/audio-analysis/3Qu3Zh4WTKhP9GEXo0aDnb,215572,4,0.53,0.678,6,-6.16,1,0.0278,0.506,6.23e-06,0.138,0.508,140.05,audio_features,3Qu3Zh4WTKhP9GEXo0aDnb,spotify:track:3Qu3Zh4WTKhP9GEXo0aDnb,https://api.spotify.com/v1/tracks/3Qu3Zh4WTKhP9GEXo0aDnb,https://api.spotify.com/v1/audio-analysis/3Qu3Zh4WTKhP9GEXo0aDnb,215572,4,0.53,0.678,6,-6.16,1,0.0278,0.506,6.23e-06,0.138,0.508,140.05,audio_features,3Qu3Zh4WTKhP9GEXo0aDnb,spotify:track:3Qu3Zh4WTKhP9GEXo0aDnb,https://api.spotify.com/v1/tracks/3Qu3Zh4WTKhP9GEXo0aDnb,https://api.spotify.com/v1/audio-analysis/3Qu3Zh4WTKhP9GEXo0aDnb,215572,4
Eyes Closed,Ed Sheeran,07bsRv0pcpbG4zJeLsUs1p,0.777,0.526,2,-6.221,1,0.0645,0.302,0.0,0.105,0.389,107.071,audio_features,07bsRv0pcpbG4zJeLsUs1p,spotify:track:07bsRv0pcpbG4zJeLsUs1p,https://api.spotify.com/v1/tracks/07bsRv0pcpbG4zJeLsUs1p,https://api.spotify.com/v1/audio-analysis/07bsRv0pcpbG4zJeLsUs1p,194849,4,0.777,0.526,2,-6.221,1,0.0645,0.302,0.0,0.105,0.389,107.071,audio_features,07bsRv0pcpbG4zJeLsUs1p,spotify:track:07bsRv0pcpbG4zJeLsUs1p,https://api.spotify.com/v1/tracks/07bsRv0pcpbG4zJeLsUs1p,https://api.spotify.com/v1/audio-analysis/07bsRv0pcpbG4zJeLsUs1p,194849,4,0.777,0.526,2,-6.221,1,0.0645,0.302,0.0,0.105,0.389,107.071,audio_features,07bsRv0pcpbG4zJeLsUs1p,spotify:track:07bsRv0pcpbG4zJeLsUs1p,https://api.spotify.com/v1/tracks/07bsRv0pcpbG4zJeLsUs1p,https://api.spotify.com/v1/audio-analysis/07bsRv0pcpbG4zJeLsUs1p,194849,4
Barbie World,Nicki Minaj & Ice Spice With Aqua,741UUVE2kuITl0c6zuqqbO,0.77,0.58,0,-8.393,1,0.247,0.519,0.000127,0.233,0.753,144.072,audio_features,741UUVE2kuITl0c6zuqqbO,spotify:track:741UUVE2kuITl0c6zuqqbO,https://api.spotify.com/v1/tracks/741UUVE2kuITl0c6zuqqbO,https://api.spotify.com/v1/audio-analysis/741UUVE2kuITl0c6zuqqbO,109750,4,0.77,0.58,0,-8.393,1,0.247,0.519,0.000127,0.233,0.753,144.072,audio_features,741UUVE2kuITl0c6zuqqbO,spotify:track:741UUVE2kuITl0c6zuqqbO,https://api.spotify.com/v1/tracks/741UUVE2kuITl0c6zuqqbO,https://api.spotify.com/v1/audio-analysis/741UUVE2kuITl0c6zuqqbO,109750,4,0.77,0.58,0,-8.393,1,0.247,0.519,0.000127,0.233,0.753,144.072,audio_features,741UUVE2kuITl0c6zuqqbO,spotify:track:741UUVE2kuITl0c6zuqqbO,https://api.spotify.com/v1/tracks/741UUVE2kuITl0c6zuqqbO,https://api.spotify.com/v1/audio-analysis/741UUVE2kuITl0c6zuqqbO,109750,4
I'm Good (Blue),David Guetta & Bebe Rexha,4uUG5RXrOk84mYEfFvj3cK,0.561,0.965,7,-3.673,0,0.0343,0.00383,7.07e-06,0.371,0.304,128.04,audio_features,4uUG5RXrOk84mYEfFvj3cK,spotify:track:4uUG5RXrOk84mYEfFvj3cK,https://api.spotify.com/v1/tracks/4uUG5RXrOk84mYEfFvj3cK,https://api.spotify.com/v1/audio-analysis/4uUG5RXrOk84mYEfFvj3cK,175238,4,0.561,0.965,7,-3.673,0,0.0343,0.00383,7.07e-06,0.371,0.304,128.04,audio_features,4uUG5RXrOk84mYEfFvj3cK,spotify:track:4uUG5RXrOk84mYEfFvj3cK,https://api.spotify.com/v1/tracks/4uUG5RXrOk84mYEfFvj3cK,https://api.spotify.com/v1/audio-analysis/4uUG5RXrOk84mYEfFvj3cK,175238,4,0.561,0.965,7,-3.673,0,0.0343,0.00383,7.07e-06,0.371,0.304,128.04,audio_features,4uUG5RXrOk84mYEfFvj3cK,spotify:track:4uUG5RXrOk84mYEfFvj3cK,https://api.spotify.com/v1/tracks/4uUG5RXrOk84mYEfFvj3cK,https://api.spotify.com/v1/audio-analysis/4uUG5RXrOk84mYEfFvj3cK,175238,4
Dancin' In The Country,Tyler Hubbard,2KtGiBi5CrX2ERPD2PAS34,0.657,0.871,7,-4.614,1,0.0675,0.0031,0.0,0.102,0.532,114.974,audio_features,2KtGiBi5CrX2ERPD2PAS34,spotify:track:2KtGiBi5CrX2ERPD2PAS34,https://api.spotify.com/v1/tracks/2KtGiBi5CrX2ERPD2PAS34,https://api.spotify.com/v1/audio-analysis/2KtGiBi5CrX2ERPD2PAS34,179640,4,0.657,0.871,7,-4.614,1,0.0675,0.0031,0.0,0.102,0.532,114.974,audio_features,2KtGiBi5CrX2ERPD2PAS34,spotify:track:2KtGiBi5CrX2ERPD2PAS34,https://api.spotify.com/v1/tracks/2KtGiBi5CrX2ERPD2PAS34,https://api.spotify.com/v1/audio-analysis/2KtGiBi5CrX2ERPD2PAS34,179640,4,0.657,0.871,7,-4.614,1,0.0675,0.0031,0.0,0.102,0.532,114.974,audio_features,2KtGiBi5CrX2ERPD2PAS34,spotify:track:2KtGiBi5CrX2ERPD2PAS34,https://api.spotify.com/v1/tracks/2KtGiBi5CrX2ERPD2PAS34,https://api.spotify.com/v1/audio-analysis/2KtGiBi5CrX2ERPD2PAS34,179640,4
Search & Rescue,Drake,3fXGxzX58uWi6kqnbco7Q4,0.595,0.879,1,-6.941,1,0.11,0.000274,0.0,0.0795,0.325,141.996,audio_features,3fXGxzX58uWi6kqnbco7Q4,spotify:track:3fXGxzX58uWi6kqnbco7Q4,https://api.spotify.com/v1/tracks/3fXGxzX58uWi6kqnbco7Q4,https://api.spotify.com/v1/audio-analysis/3fXGxzX58uWi6kqnbco7Q4,178732,4,0.595,0.879,1,-6.941,1,0.11,0.000274,0.0,0.0795,0.325,141.996,audio_features,3fXGxzX58uWi6kqnbco7Q4,spotify:track:3fXGxzX58uWi6kqnbco7Q4,https://api.spotify.com/v1/tracks/3fXGxzX58uWi6kqnbco7Q4,https://api.spotify.com/v1/audio-analysis/3fXGxzX58uWi6kqnbco7Q4,178732,4,0.595,0.879,1,-6.941,1,0.11,0.000274,0.0,0.0795,0.325,141.996,audio_features,3fXGxzX58uWi6kqnbco7Q4,spotify:track:3fXGxzX58uWi6kqnbco7Q4,https://api.spotify.com/v1/tracks/3fXGxzX58uWi6kqnbco7Q4,https://api.spotify.com/v1/audio-analysis/3fXGxzX58uWi6kqnbco7Q4,178732,4
Where She Goes,Bad Bunny,7ro0hRteUMfnOioTFI5TG1,0.652,0.8,9,-4.019,0,0.0614,0.143,0.629,0.112,0.234,143.978,audio_features,7ro0hRteUMfnOioTFI5TG1,spotify:track:7ro0hRteUMfnOioTFI5TG1,https://api.spotify.com/v1/tracks/7ro0hRteUMfnOioTFI5TG1,https://api.spotify.com/v1/audio-analysis/7ro0hRteUMfnOioTFI5TG1,231704,4,0.652,0.8,9,-4.019,0,0.0614,0.143,0.629,0.112,0.234,143.978,audio_features,7ro0hRteUMfnOioTFI5TG1,spotify:track:7ro0hRteUMfnOioTFI5TG1,https://api.spotify.com/v1/tracks/7ro0hRteUMfnOioTFI5TG1,https://api.spotify.com/v1/audio-analysis/7ro0hRteUMfnOioTFI5TG1,231704,4,0.652,0.8,9,-4.019,0,0.0614,0.143,0.629,0.112,0.234,143.978,audio_features,7ro0hRteUMfnOioTFI5TG1,spotify:track:7ro0hRteUMfnOioTFI5TG1,https://api.spotify.com/v1/tracks/7ro0hRteUMfnOioTFI5TG1,https://api.spotify.com/v1/audio-analysis/7ro0hRteUMfnOioTFI5TG1,231704,4
Chemical,Post Malone,5w40ZYhbBMAlHYNDaVJIUu,0.498,0.897,2,-4.907,1,0.045,0.00136,0.0,0.118,0.373,169.902,audio_features,5w40ZYhbBMAlHYNDaVJIUu,spotify:track:5w40ZYhbBMAlHYNDaVJIUu,https://api.spotify.com/v1/tracks/5w40ZYhbBMAlHYNDaVJIUu,https://api.spotify.com/v1/audio-analysis/5w40ZYhbBMAlHYNDaVJIUu,184013,4,0.498,0.897,2,-4.907,1,0.045,0.00136,0.0,0.118,0.373,169.902,audio_features,5w40ZYhbBMAlHYNDaVJIUu,spotify:track:5w40ZYhbBMAlHYNDaVJIUu,https://api.spotify.com/v1/tracks/5w40ZYhbBMAlHYNDaVJIUu,https://api.spotify.com/v1/audio-analysis/5w40ZYhbBMAlHYNDaVJIUu,184013,4,0.498,0.897,2,-4.907,1,0.045,0.00136,0.0,0.118,0.373,169.902,audio_features,5w40ZYhbBMAlHYNDaVJIUu,spotify:track:5w40ZYhbBMAlHYNDaVJIUu,https://api.spotify.com/v1/tracks/5w40ZYhbBMAlHYNDaVJIUu,https://api.spotify.com/v1/audio-analysis/5w40ZYhbBMAlHYNDaVJIUu,184013,4
Put It On Da Floor Again,Latto Featuring Cardi B,1HYfsZnq3EXwK7SV8tYPoT,0.565,0.561,1,-7.795,1,0.484,0.0241,0.0,0.499,0.448,166.707,audio_features,1HYfsZnq3EXwK7SV8tYPoT,spotify:track:1HYfsZnq3EXwK7SV8tYPoT,https://api.spotify.com/v1/tracks/1HYfsZnq3EXwK7SV8tYPoT,https://api.spotify.com/v1/audio-analysis/1HYfsZnq3EXwK7SV8tYPoT,181437,4,0.565,0.561,1,-7.795,1,0.484,0.0241,0.0,0.499,0.448,166.707,audio_features,1HYfsZnq3EXwK7SV8tYPoT,spotify:track:1HYfsZnq3EXwK7SV8tYPoT,https://api.spotify.com/v1/tracks/1HYfsZnq3EXwK7SV8tYPoT,https://api.spotify.com/v1/audio-analysis/1HYfsZnq3EXwK7SV8tYPoT,181437,4,0.565,0.561,1,-7.795,1,0.484,0.0241,0.0,0.499,0.448,166.707,audio_features,1HYfsZnq3EXwK7SV8tYPoT,spotify:track:1HYfsZnq3EXwK7SV8tYPoT,https://api.spotify.com/v1/tracks/1HYfsZnq3EXwK7SV8tYPoT,https://api.spotify.com/v1/audio-analysis/1HYfsZnq3EXwK7SV8tYPoT,181437,4
Sabor Fresa,Fuerza Regida,1UMm1Qs3u59Wvk53zBUE8r,0.785,0.863,7,-4.599,0,0.0893,0.0883,0.0,0.0929,0.962,130.132,audio_features,1UMm1Qs3u59Wvk53zBUE8r,spotify:track:1UMm1Qs3u59Wvk53zBUE8r,https://api.spotify.com/v1/tracks/1UMm1Qs3u59Wvk53zBUE8r,https://api.spotify.com/v1/audio-analysis/1UMm1Qs3u59Wvk53zBUE8r,156501,3,0.785,0.863,7,-4.599,0,0.0893,0.0883,0.0,0.0929,0.962,130.132,audio_features,1UMm1Qs3u59Wvk53zBUE8r,spotify:track:1UMm1Qs3u59Wvk53zBUE8r,https://api.spotify.com/v1/tracks/1UMm1Qs3u59Wvk53zBUE8r,https://api.spotify.com/v1/audio-analysis/1UMm1Qs3u59Wvk53zBUE8r,156501,3,0.785,0.863,7,-4.599,0,0.0893,0.0883,0.0,0.0929,0.962,130.132,audio_features,1UMm1Qs3u59Wvk53zBUE8r,spotify:track:1UMm1Qs3u59Wvk53zBUE8r,https://api.spotify.com/v1/tracks/1UMm1Qs3u59Wvk53zBUE8r,https://api.spotify.com/v1/audio-analysis/1UMm1Qs3u59Wvk53zBUE8r,156501,3
Tulum,Peso Pluma & Grupo Frontera,2ddVNzU2kTrs9VLiuurU9C,0.557,0.866,6,-4.454,1,0.0503,0.394,0.0,0.11,0.631,167.767,audio_features,4vKApRsWLo6VFEdT6WNLze,spotify:track:4vKApRsWLo6VFEdT6WNLze,https://api.spotify.com/v1/tracks/4vKApRsWLo6VFEdT6WNLze,https://api.spotify.com/v1/audio-analysis/4vKApRsWLo6VFEdT6WNLze,209415,4,0.678,0.68,0,-6.99,0,0.0442,0.397,0.836,0.519,0.686,119.978,audio_features,2ddVNzU2kTrs9VLiuurU9C,spotify:track:2ddVNzU2kTrs9VLiuurU9C,https://api.spotify.com/v1/tracks/2ddVNzU2kTrs9VLiuurU9C,https://api.spotify.com/v1/audio-analysis/2ddVNzU2kTrs9VLiuurU9C,134005,4,0.678,0.68,0,-6.99,0,0.0442,0.397,0.836,0.519,0.686,119.978,audio_features,2ddVNzU2kTrs9VLiuurU9C,spotify:track:2ddVNzU2kTrs9VLiuurU9C,https://api.spotify.com/v1/tracks/2ddVNzU2kTrs9VLiuurU9C,https://api.spotify.com/v1/audio-analysis/2ddVNzU2kTrs9VLiuurU9C,134005,4
"Boy's A Liar, Pt. 2",PinkPantheress & Ice Spice,6AQbmUe0Qwf5PZnt4HmTXv,0.696,0.809,5,-8.254,1,0.05,0.252,0.000128,0.248,0.857,132.962,audio_features,6AQbmUe0Qwf5PZnt4HmTXv,spotify:track:6AQbmUe0Qwf5PZnt4HmTXv,https://api.spotify.com/v1/tracks/6AQbmUe0Qwf5PZnt4HmTXv,https://api.spotify.com/v1/audio-analysis/6AQbmUe0Qwf5PZnt4HmTXv,131013,4,0.696,0.809,5,-8.254,1,0.05,0.252,0.000128,0.248,0.857,132.962,audio_features,6AQbmUe0Qwf5PZnt4HmTXv,spotify:track:6AQbmUe0Qwf5PZnt4HmTXv,https://api.spotify.com/v1/tracks/6AQbmUe0Qwf5PZnt4HmTXv,https://api.spotify.com/v1/audio-analysis/6AQbmUe0Qwf5PZnt4HmTXv,131013,4,0.696,0.809,5,-8.254,1,0.05,0.252,0.000128,0.248,0.857,132.962,audio_features,6AQbmUe0Qwf5PZnt4HmTXv,spotify:track:6AQbmUe0Qwf5PZnt4HmTXv,https://api.spotify.com/v1/tracks/6AQbmUe0Qwf5PZnt4HmTXv,https://api.spotify.com/v1/audio-analysis/6AQbmUe0Qwf5PZnt4HmTXv,131013,4
Bury Me In Georgia,Kane Brown,7zVCrzzEJU7u24sbJPXA5W,0.391,0.816,2,-5.746,0,0.066,0.0169,0.0,0.0893,0.457,160.001,audio_features,2mltIbKkhQqyh8gCzaqxqA,spotify:track:2mltIbKkhQqyh8gCzaqxqA,https://api.spotify.com/v1/tracks/2mltIbKkhQqyh8gCzaqxqA,https://api.spotify.com/v1/audio-analysis/2mltIbKkhQqyh8gCzaqxqA,170683,4,0.612,0.799,10,-4.603,1,0.0275,0.00898,0.0,0.172,0.687,125.976,audio_features,7zVCrzzEJU7u24sbJPXA5W,spotify:track:7zVCrzzEJU7u24sbJPXA5W,https://api.spotify.com/v1/tracks/7zVCrzzEJU7u24sbJPXA5W,https://api.spotify.com/v1/audio-analysis/7zVCrzzEJU7u24sbJPXA5W,188253,4,0.612,0.799,10,-4.603,1,0.0275,0.00898,0.0,0.172,0.687,125.976,audio_features,7zVCrzzEJU7u24sbJPXA5W,spotify:track:7zVCrzzEJU7u24sbJPXA5W,https://api.spotify.com/v1/tracks/7zVCrzzEJU7u24sbJPXA5W,https://api.spotify.com/v1/audio-analysis/7zVCrzzEJU7u24sbJPXA5W,188253,4
Area Codes,Kaliii,7sliFe6W30tPBPh6dvZsIH,0.823,0.388,1,-10.867,1,0.491,0.0187,0.0,0.0876,0.507,154.569,audio_features,7sliFe6W30tPBPh6dvZsIH,spotify:track:7sliFe6W30tPBPh6dvZsIH,https://api.spotify.com/v1/tracks/7sliFe6W30tPBPh6dvZsIH,https://api.spotify.com/v1/audio-analysis/7sliFe6W30tPBPh6dvZsIH,139326,4,0.823,0.388,1,-10.867,1,0.491,0.0187,0.0,0.0876,0.507,154.569,audio_features,7sliFe6W30tPBPh6dvZsIH,spotify:track:7sliFe6W30tPBPh6dvZsIH,https://api.spotify.com/v1/tracks/7sliFe6W30tPBPh6dvZsIH,https://api.spotify.com/v1/audio-analysis/7sliFe6W30tPBPh6dvZsIH,139326,4,0.823,0.388,1,-10.867,1,0.491,0.0187,0.0,0.0876,0.507,154.569,audio_features,7sliFe6W30tPBPh6dvZsIH,spotify:track:7sliFe6W30tPBPh6dvZsIH,https://api.spotify.com/v1/tracks/7sliFe6W30tPBPh6dvZsIH,https://api.spotify.com/v1/audio-analysis/7sliFe6W30tPBPh6dvZsIH,139326,4
Love You Anyway,Luke Combs,2kYevr8cbIAH2ha8210Bnz,0.532,0.489,4,-7.419,1,0.0311,0.149,0.0,0.237,0.32,139.807,audio_features,2kYevr8cbIAH2ha8210Bnz,spotify:track:2kYevr8cbIAH2ha8210Bnz,https://api.spotify.com/v1/tracks/2kYevr8cbIAH2ha8210Bnz,https://api.spotify.com/v1/audio-analysis/2kYevr8cbIAH2ha8210Bnz,229627,4,0.532,0.489,4,-7.419,1,0.0311,0.149,0.0,0.237,0.32,139.807,audio_features,2kYevr8cbIAH2ha8210Bnz,spotify:track:2kYevr8cbIAH2ha8210Bnz,https://api.spotify.com/v1/tracks/2kYevr8cbIAH2ha8210Bnz,https://api.spotify.com/v1/audio-analysis/2kYevr8cbIAH2ha8210Bnz,229627,4,0.532,0.489,4,-7.419,1,0.0311,0.149,0.0,0.237,0.32,139.807,audio_features,2kYevr8cbIAH2ha8210Bnz,spotify:track:2kYevr8cbIAH2ha8210Bnz,https://api.spotify.com/v1/tracks/2kYevr8cbIAH2ha8210Bnz,https://api.spotify.com/v1/audio-analysis/2kYevr8cbIAH2ha8210Bnz,229627,4
Lady Gaga,"Peso Pluma, Gabito Ballesteros & Junior H",7mXuWTczZNxG5EDcjFEuJR,0.807,0.595,0,-7.19,1,0.0325,0.31,2.44e-05,0.0735,0.392,92.491,audio_features,2VzCjpKvPB1l1tqLndtAQa,spotify:track:2VzCjpKvPB1l1tqLndtAQa,https://api.spotify.com/v1/tracks/2VzCjpKvPB1l1tqLndtAQa,https://api.spotify.com/v1/audio-analysis/2VzCjpKvPB1l1tqLndtAQa,239845,4,0.646,0.736,5,-7.118,0,0.0449,0.216,0.0,0.415,0.873,140.098,audio_features,7mXuWTczZNxG5EDcjFEuJR,spotify:track:7mXuWTczZNxG5EDcjFEuJR,https://api.spotify.com/v1/tracks/7mXuWTczZNxG5EDcjFEuJR,https://api.spotify.com/v1/audio-analysis/7mXuWTczZNxG5EDcjFEuJR,212878,3,0.646,0.736,5,-7.118,0,0.0449,0.216,0.0,0.415,0.873,140.098,audio_features,7mXuWTczZNxG5EDcjFEuJR,spotify:track:7mXuWTczZNxG5EDcjFEuJR,https://api.spotify.com/v1/tracks/7mXuWTczZNxG5EDcjFEuJR,https://api.spotify.com/v1/audio-analysis/7mXuWTczZNxG5EDcjFEuJR,212878,3
I Gotta,Lil Uzi Vert,3lcfs9Qjfxzy00VSVkixDv,0.818,0.51,2,-7.05,0,0.408,0.209,0.0,0.211,0.416,129.057,audio_features,3lcfs9Qjfxzy00VSVkixDv,spotify:track:3lcfs9Qjfxzy00VSVkixDv,https://api.spotify.com/v1/tracks/3lcfs9Qjfxzy00VSVkixDv,https://api.spotify.com/v1/audio-analysis/3lcfs9Qjfxzy00VSVkixDv,173026,4,0.818,0.51,2,-7.05,0,0.408,0.209,0.0,0.211,0.416,129.057,audio_features,3lcfs9Qjfxzy00VSVkixDv,spotify:track:3lcfs9Qjfxzy00VSVkixDv,https://api.spotify.com/v1/tracks/3lcfs9Qjfxzy00VSVkixDv,https://api.spotify.com/v1/audio-analysis/3lcfs9Qjfxzy00VSVkixDv,173026,4,0.818,0.51,2,-7.05,0,0.408,0.209,0.0,0.211,0.416,129.057,audio_features,3lcfs9Qjfxzy00VSVkixDv,spotify:track:3lcfs9Qjfxzy00VSVkixDv,https://api.spotify.com/v1/tracks/3lcfs9Qjfxzy00VSVkixDv,https://api.spotify.com/v1/audio-analysis/3lcfs9Qjfxzy00VSVkixDv,173026,4
Party In The U.S.A.,Miley Cyrus,5Q0Nhxo0l2bP3pNjpGJwV1,0.652,0.698,10,-4.667,0,0.042,0.00112,0.000115,0.0886,0.47,96.021,audio_features,5Q0Nhxo0l2bP3pNjpGJwV1,spotify:track:5Q0Nhxo0l2bP3pNjpGJwV1,https://api.spotify.com/v1/tracks/5Q0Nhxo0l2bP3pNjpGJwV1,https://api.spotify.com/v1/audio-analysis/5Q0Nhxo0l2bP3pNjpGJwV1,202067,4,0.652,0.698,10,-4.667,0,0.042,0.00112,0.000115,0.0886,0.47,96.021,audio_features,5Q0Nhxo0l2bP3pNjpGJwV1,spotify:track:5Q0Nhxo0l2bP3pNjpGJwV1,https://api.spotify.com/v1/tracks/5Q0Nhxo0l2bP3pNjpGJwV1,https://api.spotify.com/v1/audio-analysis/5Q0Nhxo0l2bP3pNjpGJwV1,202067,4,0.652,0.698,10,-4.667,0,0.042,0.00112,0.000115,0.0886,0.47,96.021,audio_features,5Q0Nhxo0l2bP3pNjpGJwV1,spotify:track:5Q0Nhxo0l2bP3pNjpGJwV1,https://api.spotify.com/v1/tracks/5Q0Nhxo0l2bP3pNjpGJwV1,https://api.spotify.com/v1/audio-analysis/5Q0Nhxo0l2bP3pNjpGJwV1,202067,4
Spin Again,Lil Uzi Vert,1pDbGAAH5GQ8U0KG4fI77H,0.619,0.606,1,-4.252,1,0.0784,0.0268,0.0,0.375,0.0669,140.023,audio_features,1pDbGAAH5GQ8U0KG4fI77H,spotify:track:1pDbGAAH5GQ8U0KG4fI77H,https://api.spotify.com/v1/tracks/1pDbGAAH5GQ8U0KG4fI77H,https://api.spotify.com/v1/audio-analysis/1pDbGAAH5GQ8U0KG4fI77H,97770,4,0.619,0.606,1,-4.252,1,0.0784,0.0268,0.0,0.375,0.0669,140.023,audio_features,1pDbGAAH5GQ8U0KG4fI77H,spotify:track:1pDbGAAH5GQ8U0KG4fI77H,https://api.spotify.com/v1/tracks/1pDbGAAH5GQ8U0KG4fI77H,https://api.spotify.com/v1/audio-analysis/1pDbGAAH5GQ8U0KG4fI77H,97770,4,0.619,0.606,1,-4.252,1,0.0784,0.0268,0.0,0.375,0.0669,140.023,audio_features,1pDbGAAH5GQ8U0KG4fI77H,spotify:track:1pDbGAAH5GQ8U0KG4fI77H,https://api.spotify.com/v1/tracks/1pDbGAAH5GQ8U0KG4fI77H,https://api.spotify.com/v1/audio-analysis/1pDbGAAH5GQ8U0KG4fI77H,97770,4
Crush Em,Lil Uzi Vert,11pn4LFXCIXyprWQk8RSlM,0.613,0.797,7,-5.564,0,0.299,0.0185,0.0,0.279,0.336,145.011,audio_features,11pn4LFXCIXyprWQk8RSlM,spotify:track:11pn4LFXCIXyprWQk8RSlM,https://api.spotify.com/v1/tracks/11pn4LFXCIXyprWQk8RSlM,https://api.spotify.com/v1/audio-analysis/11pn4LFXCIXyprWQk8RSlM,165589,4,0.613,0.797,7,-5.564,0,0.299,0.0185,0.0,0.279,0.336,145.011,audio_features,11pn4LFXCIXyprWQk8RSlM,spotify:track:11pn4LFXCIXyprWQk8RSlM,https://api.spotify.com/v1/tracks/11pn4LFXCIXyprWQk8RSlM,https://api.spotify.com/v1/audio-analysis/11pn4LFXCIXyprWQk8RSlM,165589,4,0.613,0.797,7,-5.564,0,0.299,0.0185,0.0,0.279,0.336,145.011,audio_features,11pn4LFXCIXyprWQk8RSlM,spotify:track:11pn4LFXCIXyprWQk8RSlM,https://api.spotify.com/v1/tracks/11pn4LFXCIXyprWQk8RSlM,https://api.spotify.com/v1/audio-analysis/11pn4LFXCIXyprWQk8RSlM,165589,4
X2,Lil Uzi Vert,3a36nM6fPVA8K1vqq6d03o,0.686,0.897,11,-7.18,0,0.0386,0.0103,0.103,0.153,0.355,129.975,audio_features,0FA4wrjDJvJTTU8AepZTup,spotify:track:0FA4wrjDJvJTTU8AepZTup,https://api.spotify.com/v1/tracks/0FA4wrjDJvJTTU8AepZTup,https://api.spotify.com/v1/audio-analysis/0FA4wrjDJvJTTU8AepZTup,163139,4,0.64,0.891,10,-4.639,0,0.135,0.00467,0.0,0.132,0.449,148.054,audio_features,3a36nM6fPVA8K1vqq6d03o,spotify:track:3a36nM6fPVA8K1vqq6d03o,https://api.spotify.com/v1/tracks/3a36nM6fPVA8K1vqq6d03o,https://api.spotify.com/v1/audio-analysis/3a36nM6fPVA8K1vqq6d03o,234324,3,0.64,0.891,10,-4.639,0,0.135,0.00467,0.0,0.132,0.449,148.054,audio_features,3a36nM6fPVA8K1vqq6d03o,spotify:track:3a36nM6fPVA8K1vqq6d03o,https://api.spotify.com/v1/tracks/3a36nM6fPVA8K1vqq6d03o,https://api.spotify.com/v1/audio-analysis/3a36nM6fPVA8K1vqq6d03o,234324,3
TQM,Fuerza Regida,368eeEO3Y2uZUQ6S5oIjcu,0.786,0.853,5,-4.955,0,0.0589,0.273,0.0,0.106,0.963,125.107,audio_features,368eeEO3Y2uZUQ6S5oIjcu,spotify:track:368eeEO3Y2uZUQ6S5oIjcu,https://api.spotify.com/v1/tracks/368eeEO3Y2uZUQ6S5oIjcu,https://api.spotify.com/v1/audio-analysis/368eeEO3Y2uZUQ6S5oIjcu,157252,3,0.786,0.853,5,-4.955,0,0.0589,0.273,0.0,0.106,0.963,125.107,audio_features,368eeEO3Y2uZUQ6S5oIjcu,spotify:track:368eeEO3Y2uZUQ6S5oIjcu,https://api.spotify.com/v1/tracks/368eeEO3Y2uZUQ6S5oIjcu,https://api.spotify.com/v1/audio-analysis/368eeEO3Y2uZUQ6S5oIjcu,157252,3,0.786,0.853,5,-4.955,0,0.0589,0.273,0.0,0.106,0.963,125.107,audio_features,368eeEO3Y2uZUQ6S5oIjcu,spotify:track:368eeEO3Y2uZUQ6S5oIjcu,https://api.spotify.com/v1/tracks/368eeEO3Y2uZUQ6S5oIjcu,https://api.spotify.com/v1/audio-analysis/368eeEO3Y2uZUQ6S5oIjcu,157252,3
Princess Diana,Ice Spice & Nicki Minaj,0ZxhtATQ0a6EvQNZ0z6NKV,0.898,0.676,9,-5.196,1,0.187,0.14,0.0,0.101,0.742,147.991,audio_features,0ZxhtATQ0a6EvQNZ0z6NKV,spotify:track:0ZxhtATQ0a6EvQNZ0z6NKV,https://api.spotify.com/v1/tracks/0ZxhtATQ0a6EvQNZ0z6NKV,https://api.spotify.com/v1/audio-analysis/0ZxhtATQ0a6EvQNZ0z6NKV,172125,4,0.898,0.676,9,-5.196,1,0.187,0.14,0.0,0.101,0.742,147.991,audio_features,0ZxhtATQ0a6EvQNZ0z6NKV,spotify:track:0ZxhtATQ0a6EvQNZ0z6NKV,https://api.spotify.com/v1/tracks/0ZxhtATQ0a6EvQNZ0z6NKV,https://api.spotify.com/v1/audio-analysis/0ZxhtATQ0a6EvQNZ0z6NKV,172125,4,0.898,0.676,9,-5.196,1,0.187,0.14,0.0,0.101,0.742,147.991,audio_features,0ZxhtATQ0a6EvQNZ0z6NKV,spotify:track:0ZxhtATQ0a6EvQNZ0z6NKV,https://api.spotify.com/v1/tracks/0ZxhtATQ0a6EvQNZ0z6NKV,https://api.spotify.com/v1/audio-analysis/0ZxhtATQ0a6EvQNZ0z6NKV,172125,4
Oh U Went,Young Thug Featuring Drake,7qLr3HMApUbyDkUvgIvHnB,0.808,0.789,7,-5.88,0,0.236,0.0517,0.0,0.0819,0.465,136.01,audio_features,7qLr3HMApUbyDkUvgIvHnB,spotify:track:7qLr3HMApUbyDkUvgIvHnB,https://api.spotify.com/v1/tracks/7qLr3HMApUbyDkUvgIvHnB,https://api.spotify.com/v1/audio-analysis/7qLr3HMApUbyDkUvgIvHnB,185333,4,0.808,0.789,7,-5.88,0,0.236,0.0517,0.0,0.0819,0.465,136.01,audio_features,7qLr3HMApUbyDkUvgIvHnB,spotify:track:7qLr3HMApUbyDkUvgIvHnB,https://api.spotify.com/v1/tracks/7qLr3HMApUbyDkUvgIvHnB,https://api.spotify.com/v1/audio-analysis/7qLr3HMApUbyDkUvgIvHnB,185333,4,0.808,0.789,7,-5.88,0,0.236,0.0517,0.0,0.0819,0.465,136.01,audio_features,7qLr3HMApUbyDkUvgIvHnB,spotify:track:7qLr3HMApUbyDkUvgIvHnB,https://api.spotify.com/v1/tracks/7qLr3HMApUbyDkUvgIvHnB,https://api.spotify.com/v1/audio-analysis/7qLr3HMApUbyDkUvgIvHnB,185333,4
Mojabi Ghost,Tainy & Bad Bunny,4eMKD8MRroxCqugpsxCCNb,0.661,0.678,2,-7.553,1,0.0459,0.00291,0.0892,0.283,0.196,126.082,audio_features,1dpaN50PdAeiXHYwgK9g2v,spotify:track:1dpaN50PdAeiXHYwgK9g2v,https://api.spotify.com/v1/tracks/1dpaN50PdAeiXHYwgK9g2v,https://api.spotify.com/v1/audio-analysis/1dpaN50PdAeiXHYwgK9g2v,209529,4,0.805,0.707,6,-3.758,0,0.0353,0.142,3.71e-05,0.563,0.744,122.014,audio_features,4eMKD8MRroxCqugpsxCCNb,spotify:track:4eMKD8MRroxCqugpsxCCNb,https://api.spotify.com/v1/tracks/4eMKD8MRroxCqugpsxCCNb,https://api.spotify.com/v1/audio-analysis/4eMKD8MRroxCqugpsxCCNb,228197,4,0.805,0.707,6,-3.758,0,0.0353,0.142,3.71e-05,0.563,0.744,122.014,audio_features,4eMKD8MRroxCqugpsxCCNb,spotify:track:4eMKD8MRroxCqugpsxCCNb,https://api.spotify.com/v1/tracks/4eMKD8MRroxCqugpsxCCNb,https://api.spotify.com/v1/audio-analysis/4eMKD8MRroxCqugpsxCCNb,228197,4
Stand By Me,Lil Durk Featuring Morgan Wallen,1fXnu2HzxbDtoyvFPWG3Bw,0.756,0.582,11,-7.726,1,0.0343,0.0592,0.0,0.161,0.605,134.07,audio_features,1fXnu2HzxbDtoyvFPWG3Bw,spotify:track:1fXnu2HzxbDtoyvFPWG3Bw,https://api.spotify.com/v1/tracks/1fXnu2HzxbDtoyvFPWG3Bw,https://api.spotify.com/v1/audio-analysis/1fXnu2HzxbDtoyvFPWG3Bw,218489,4,0.756,0.582,11,-7.726,1,0.0343,0.0592,0.0,0.161,0.605,134.07,audio_features,1fXnu2HzxbDtoyvFPWG3Bw,spotify:track:1fXnu2HzxbDtoyvFPWG3Bw,https://api.spotify.com/v1/tracks/1fXnu2HzxbDtoyvFPWG3Bw,https://api.spotify.com/v1/audio-analysis/1fXnu2HzxbDtoyvFPWG3Bw,218489,4,0.756,0.582,11,-7.726,1,0.0343,0.0592,0.0,0.161,0.605,134.07,audio_features,1fXnu2HzxbDtoyvFPWG3Bw,spotify:track:1fXnu2HzxbDtoyvFPWG3Bw,https://api.spotify.com/v1/tracks/1fXnu2HzxbDtoyvFPWG3Bw,https://api.spotify.com/v1/audio-analysis/1fXnu2HzxbDtoyvFPWG3Bw,218489,4
Luna,Peso Pluma & Junior H,3RA55zrRkyPK8Fd86hrMy8,0.747,0.629,9,-8.509,0,0.0363,0.328,0.00409,0.154,0.793,127.819,audio_features,3RA55zrRkyPK8Fd86hrMy8,spotify:track:3RA55zrRkyPK8Fd86hrMy8,https://api.spotify.com/v1/tracks/3RA55zrRkyPK8Fd86hrMy8,https://api.spotify.com/v1/audio-analysis/3RA55zrRkyPK8Fd86hrMy8,163552,3,0.747,0.629,9,-8.509,0,0.0363,0.328,0.00409,0.154,0.793,127.819,audio_features,3RA55zrRkyPK8Fd86hrMy8,spotify:track:3RA55zrRkyPK8Fd86hrMy8,https://api.spotify.com/v1/tracks/3RA55zrRkyPK8Fd86hrMy8,https://api.spotify.com/v1/audio-analysis/3RA55zrRkyPK8Fd86hrMy8,163552,3,0.747,0.629,9,-8.509,0,0.0363,0.328,0.00409,0.154,0.793,127.819,audio_features,3RA55zrRkyPK8Fd86hrMy8,spotify:track:3RA55zrRkyPK8Fd86hrMy8,https://api.spotify.com/v1/tracks/3RA55zrRkyPK8Fd86hrMy8,https://api.spotify.com/v1/audio-analysis/3RA55zrRkyPK8Fd86hrMy8,163552,3
Pluto To Mars,Lil Uzi Vert,0WCJSIy75ZVxqY51ce0enc,0.807,0.627,11,-6.829,1,0.0771,0.0225,0.0,0.0904,0.761,122.963,audio_features,0WCJSIy75ZVxqY51ce0enc,spotify:track:0WCJSIy75ZVxqY51ce0enc,https://api.spotify.com/v1/tracks/0WCJSIy75ZVxqY51ce0enc,https://api.spotify.com/v1/audio-analysis/0WCJSIy75ZVxqY51ce0enc,246497,4,0.807,0.627,11,-6.829,1,0.0771,0.0225,0.0,0.0904,0.761,122.963,audio_features,0WCJSIy75ZVxqY51ce0enc,spotify:track:0WCJSIy75ZVxqY51ce0enc,https://api.spotify.com/v1/tracks/0WCJSIy75ZVxqY51ce0enc,https://api.spotify.com/v1/audio-analysis/0WCJSIy75ZVxqY51ce0enc,246497,4,0.807,0.627,11,-6.829,1,0.0771,0.0225,0.0,0.0904,0.761,122.963,audio_features,0WCJSIy75ZVxqY51ce0enc,spotify:track:0WCJSIy75ZVxqY51ce0enc,https://api.spotify.com/v1/tracks/0WCJSIy75ZVxqY51ce0enc,https://api.spotify.com/v1/audio-analysis/0WCJSIy75ZVxqY51ce0enc,246497,4
Bye,Peso Pluma,2VzCjpKvPB1l1tqLndtAQa,0.807,0.595,0,-7.19,1,0.0325,0.31,2.44e-05,0.0735,0.392,92.491,audio_features,2VzCjpKvPB1l1tqLndtAQa,spotify:track:2VzCjpKvPB1l1tqLndtAQa,https://api.spotify.com/v1/tracks/2VzCjpKvPB1l1tqLndtAQa,https://api.spotify.com/v1/audio-analysis/2VzCjpKvPB1l1tqLndtAQa,239845,4,0.807,0.595,0,-7.19,1,0.0325,0.31,2.44e-05,0.0735,0.392,92.491,audio_features,2VzCjpKvPB1l1tqLndtAQa,spotify:track:2VzCjpKvPB1l1tqLndtAQa,https://api.spotify.com/v1/tracks/2VzCjpKvPB1l1tqLndtAQa,https://api.spotify.com/v1/audio-analysis/2VzCjpKvPB1l1tqLndtAQa,239845,4,0.807,0.595,0,-7.19,1,0.0325,0.31,2.44e-05,0.0735,0.392,92.491,audio_features,2VzCjpKvPB1l1tqLndtAQa,spotify:track:2VzCjpKvPB1l1tqLndtAQa,https://api.spotify.com/v1/tracks/2VzCjpKvPB1l1tqLndtAQa,https://api.spotify.com/v1/audio-analysis/2VzCjpKvPB1l1tqLndtAQa,239845,4
"Bzrp Music Sessions, Vol. 55",Bizarrap & Peso Pluma,5AqiaZwhmC6dIbgWrD5SzV,0.854,0.668,5,-7.848,0,0.0466,0.264,5.61e-05,0.117,0.805,132.966,audio_features,5AqiaZwhmC6dIbgWrD5SzV,spotify:track:5AqiaZwhmC6dIbgWrD5SzV,https://api.spotify.com/v1/tracks/5AqiaZwhmC6dIbgWrD5SzV,https://api.spotify.com/v1/audio-analysis/5AqiaZwhmC6dIbgWrD5SzV,187660,3,0.854,0.668,5,-7.848,0,0.0466,0.264,5.61e-05,0.117,0.805,132.966,audio_features,5AqiaZwhmC6dIbgWrD5SzV,spotify:track:5AqiaZwhmC6dIbgWrD5SzV,https://api.spotify.com/v1/tracks/5AqiaZwhmC6dIbgWrD5SzV,https://api.spotify.com/v1/audio-analysis/5AqiaZwhmC6dIbgWrD5SzV,187660,3,0.854,0.668,5,-7.848,0,0.0466,0.264,5.61e-05,0.117,0.805,132.966,audio_features,5AqiaZwhmC6dIbgWrD5SzV,spotify:track:5AqiaZwhmC6dIbgWrD5SzV,https://api.spotify.com/v1/tracks/5AqiaZwhmC6dIbgWrD5SzV,https://api.spotify.com/v1/audio-analysis/5AqiaZwhmC6dIbgWrD5SzV,187660,3
Peaches & Eggplants,Young Nudy Featuring 21 Savage,2KcQ0PbPj0O3P48B9YX7iN,0.911,0.536,4,-7.884,0,0.282,0.00897,3.73e-06,0.111,0.584,146.014,audio_features,2KcQ0PbPj0O3P48B9YX7iN,spotify:track:2KcQ0PbPj0O3P48B9YX7iN,https://api.spotify.com/v1/tracks/2KcQ0PbPj0O3P48B9YX7iN,https://api.spotify.com/v1/audio-analysis/2KcQ0PbPj0O3P48B9YX7iN,203813,4,0.911,0.536,4,-7.884,0,0.282,0.00897,3.73e-06,0.111,0.584,146.014,audio_features,2KcQ0PbPj0O3P48B9YX7iN,spotify:track:2KcQ0PbPj0O3P48B9YX7iN,https://api.spotify.com/v1/tracks/2KcQ0PbPj0O3P48B9YX7iN,https://api.spotify.com/v1/audio-analysis/2KcQ0PbPj0O3P48B9YX7iN,203813,4,0.911,0.536,4,-7.884,0,0.282,0.00897,3.73e-06,0.111,0.584,146.014,audio_features,2KcQ0PbPj0O3P48B9YX7iN,spotify:track:2KcQ0PbPj0O3P48B9YX7iN,https://api.spotify.com/v1/tracks/2KcQ0PbPj0O3P48B9YX7iN,https://api.spotify.com/v1/audio-analysis/2KcQ0PbPj0O3P48B9YX7iN,203813,4
Your Heart Or Mine,Jon Pardi,7ETjhPaIU4UmHOiimJBZz9,0.639,0.713,5,-4.368,0,0.0337,0.0539,0.0,0.102,0.717,86.1,audio_features,7ETjhPaIU4UmHOiimJBZz9,spotify:track:7ETjhPaIU4UmHOiimJBZz9,https://api.spotify.com/v1/tracks/7ETjhPaIU4UmHOiimJBZz9,https://api.spotify.com/v1/audio-analysis/7ETjhPaIU4UmHOiimJBZz9,161200,4,0.639,0.713,5,-4.368,0,0.0337,0.0539,0.0,0.102,0.717,86.1,audio_features,7ETjhPaIU4UmHOiimJBZz9,spotify:track:7ETjhPaIU4UmHOiimJBZz9,https://api.spotify.com/v1/tracks/7ETjhPaIU4UmHOiimJBZz9,https://api.spotify.com/v1/audio-analysis/7ETjhPaIU4UmHOiimJBZz9,161200,4,0.639,0.713,5,-4.368,0,0.0337,0.0539,0.0,0.102,0.717,86.1,audio_features,7ETjhPaIU4UmHOiimJBZz9,spotify:track:7ETjhPaIU4UmHOiimJBZz9,https://api.spotify.com/v1/tracks/7ETjhPaIU4UmHOiimJBZz9,https://api.spotify.com/v1/audio-analysis/7ETjhPaIU4UmHOiimJBZz9,161200,4
"Mama, I'm Sorry",Lil Uzi Vert,5V5Xpbmqi2rp1xSJWZTvYu,0.783,0.594,4,-4.943,0,0.105,0.774,0.0,0.169,0.596,128.177,audio_features,5V5Xpbmqi2rp1xSJWZTvYu,spotify:track:5V5Xpbmqi2rp1xSJWZTvYu,https://api.spotify.com/v1/tracks/5V5Xpbmqi2rp1xSJWZTvYu,https://api.spotify.com/v1/audio-analysis/5V5Xpbmqi2rp1xSJWZTvYu,210961,4,0.783,0.594,4,-4.943,0,0.105,0.774,0.0,0.169,0.596,128.177,audio_features,5V5Xpbmqi2rp1xSJWZTvYu,spotify:track:5V5Xpbmqi2rp1xSJWZTvYu,https://api.spotify.com/v1/tracks/5V5Xpbmqi2rp1xSJWZTvYu,https://api.spotify.com/v1/audio-analysis/5V5Xpbmqi2rp1xSJWZTvYu,210961,4,0.783,0.594,4,-4.943,0,0.105,0.774,0.0,0.169,0.596,128.177,audio_features,5V5Xpbmqi2rp1xSJWZTvYu,spotify:track:5V5Xpbmqi2rp1xSJWZTvYu,https://api.spotify.com/v1/tracks/5V5Xpbmqi2rp1xSJWZTvYu,https://api.spotify.com/v1/audio-analysis/5V5Xpbmqi2rp1xSJWZTvYu,210961,4
What It Is (Block Boy),Doechii Featuring Kodak Black,1O8zCu3dLLPxkbGfIsbRgE,0.731,0.744,1,-5.77,0,0.174,0.109,0.0,0.123,0.727,171.859,audio_features,1O8zCu3dLLPxkbGfIsbRgE,spotify:track:1O8zCu3dLLPxkbGfIsbRgE,https://api.spotify.com/v1/tracks/1O8zCu3dLLPxkbGfIsbRgE,https://api.spotify.com/v1/audio-analysis/1O8zCu3dLLPxkbGfIsbRgE,223344,4,0.731,0.744,1,-5.77,0,0.174,0.109,0.0,0.123,0.727,171.859,audio_features,1O8zCu3dLLPxkbGfIsbRgE,spotify:track:1O8zCu3dLLPxkbGfIsbRgE,https://api.spotify.com/v1/tracks/1O8zCu3dLLPxkbGfIsbRgE,https://api.spotify.com/v1/audio-analysis/1O8zCu3dLLPxkbGfIsbRgE,223344,4,0.731,0.744,1,-5.77,0,0.174,0.109,0.0,0.123,0.727,171.859,audio_features,1O8zCu3dLLPxkbGfIsbRgE,spotify:track:1O8zCu3dLLPxkbGfIsbRgE,https://api.spotify.com/v1/tracks/1O8zCu3dLLPxkbGfIsbRgE,https://api.spotify.com/v1/audio-analysis/1O8zCu3dLLPxkbGfIsbRgE,223344,4
Amped,Lil Uzi Vert,4daEMLSZCgZ2Mt7gNm2SRa,0.64,0.609,1,-7.714,0,0.304,0.492,2.47e-06,0.152,0.393,131.889,audio_features,4daEMLSZCgZ2Mt7gNm2SRa,spotify:track:4daEMLSZCgZ2Mt7gNm2SRa,https://api.spotify.com/v1/tracks/4daEMLSZCgZ2Mt7gNm2SRa,https://api.spotify.com/v1/audio-analysis/4daEMLSZCgZ2Mt7gNm2SRa,192727,4,0.64,0.609,1,-7.714,0,0.304,0.492,2.47e-06,0.152,0.393,131.889,audio_features,4daEMLSZCgZ2Mt7gNm2SRa,spotify:track:4daEMLSZCgZ2Mt7gNm2SRa,https://api.spotify.com/v1/tracks/4daEMLSZCgZ2Mt7gNm2SRa,https://api.spotify.com/v1/audio-analysis/4daEMLSZCgZ2Mt7gNm2SRa,192727,4,0.64,0.609,1,-7.714,0,0.304,0.492,2.47e-06,0.152,0.393,131.889,audio_features,4daEMLSZCgZ2Mt7gNm2SRa,spotify:track:4daEMLSZCgZ2Mt7gNm2SRa,https://api.spotify.com/v1/tracks/4daEMLSZCgZ2Mt7gNm2SRa,https://api.spotify.com/v1/audio-analysis/4daEMLSZCgZ2Mt7gNm2SRa,192727,4
"You, Me, & Whiskey",Justin Moore & Priscilla Block,2BLlpdGCv0IErmH3OBGHYJ,0.555,0.88,0,-4.351,0,0.0535,0.0803,0.0,0.174,0.422,144.076,audio_features,2BLlpdGCv0IErmH3OBGHYJ,spotify:track:2BLlpdGCv0IErmH3OBGHYJ,https://api.spotify.com/v1/tracks/2BLlpdGCv0IErmH3OBGHYJ,https://api.spotify.com/v1/audio-analysis/2BLlpdGCv0IErmH3OBGHYJ,187941,4,0.555,0.88,0,-4.351,0,0.0535,0.0803,0.0,0.174,0.422,144.076,audio_features,2BLlpdGCv0IErmH3OBGHYJ,spotify:track:2BLlpdGCv0IErmH3OBGHYJ,https://api.spotify.com/v1/tracks/2BLlpdGCv0IErmH3OBGHYJ,https://api.spotify.com/v1/audio-analysis/2BLlpdGCv0IErmH3OBGHYJ,187941,4,0.555,0.88,0,-4.351,0,0.0535,0.0803,0.0,0.174,0.422,144.076,audio_features,2BLlpdGCv0IErmH3OBGHYJ,spotify:track:2BLlpdGCv0IErmH3OBGHYJ,https://api.spotify.com/v1/tracks/2BLlpdGCv0IErmH3OBGHYJ,https://api.spotify.com/v1/audio-analysis/2BLlpdGCv0IErmH3OBGHYJ,187941,4
Daylight,David Kushner,1odExI7RdWc4BT515LTAwj,0.508,0.43,2,-9.475,0,0.0335,0.83,0.000441,0.093,0.324,130.09,audio_features,1odExI7RdWc4BT515LTAwj,spotify:track:1odExI7RdWc4BT515LTAwj,https://api.spotify.com/v1/tracks/1odExI7RdWc4BT515LTAwj,https://api.spotify.com/v1/audio-analysis/1odExI7RdWc4BT515LTAwj,212954,4,0.508,0.43,2,-9.475,0,0.0335,0.83,0.000441,0.093,0.324,130.09,audio_features,1odExI7RdWc4BT515LTAwj,spotify:track:1odExI7RdWc4BT515LTAwj,https://api.spotify.com/v1/tracks/1odExI7RdWc4BT515LTAwj,https://api.spotify.com/v1/audio-analysis/1odExI7RdWc4BT515LTAwj,212954,4,0.508,0.43,2,-9.475,0,0.0335,0.83,0.000441,0.093,0.324,130.09,audio_features,1odExI7RdWc4BT515LTAwj,spotify:track:1odExI7RdWc4BT515LTAwj,https://api.spotify.com/v1/tracks/1odExI7RdWc4BT515LTAwj,https://api.spotify.com/v1/audio-analysis/1odExI7RdWc4BT515LTAwj,212954,4
Patience,Lil Uzi Vert Featuring Don Toliver,05grSYrVwYw58YMOdJceyz,0.645,0.732,4,-2.94,0,0.0306,0.0502,1.16e-06,0.161,0.121,106.963,audio_features,31UNoCt5Oq4isrb3SSf1ZK,spotify:track:31UNoCt5Oq4isrb3SSf1ZK,https://api.spotify.com/v1/tracks/31UNoCt5Oq4isrb3SSf1ZK,https://api.spotify.com/v1/audio-analysis/31UNoCt5Oq4isrb3SSf1ZK,262430,4,0.706,0.64,4,-3.146,0,0.203,0.086,0.0,0.537,0.184,143.905,audio_features,05grSYrVwYw58YMOdJceyz,spotify:track:05grSYrVwYw58YMOdJceyz,https://api.spotify.com/v1/tracks/05grSYrVwYw58YMOdJceyz,https://api.spotify.com/v1/audio-analysis/05grSYrVwYw58YMOdJceyz,164838,4,0.706,0.64,4,-3.146,0,0.203,0.086,0.0,0.537,0.184,143.905,audio_features,05grSYrVwYw58YMOdJceyz,spotify:track:05grSYrVwYw58YMOdJceyz,https://api.spotify.com/v1/tracks/05grSYrVwYw58YMOdJceyz,https://api.spotify.com/v1/audio-analysis/05grSYrVwYw58YMOdJceyz,164838,4
Nakamura,Lil Uzi Vert,2lophWrG2xqv9CSgSPca5k,0.52,0.876,5,-3.707,1,0.0606,0.0414,0.0,0.418,0.38,160.008,audio_features,2lophWrG2xqv9CSgSPca5k,spotify:track:2lophWrG2xqv9CSgSPca5k,https://api.spotify.com/v1/tracks/2lophWrG2xqv9CSgSPca5k,https://api.spotify.com/v1/audio-analysis/2lophWrG2xqv9CSgSPca5k,197901,4,0.52,0.876,5,-3.707,1,0.0606,0.0414,0.0,0.418,0.38,160.008,audio_features,2lophWrG2xqv9CSgSPca5k,spotify:track:2lophWrG2xqv9CSgSPca5k,https://api.spotify.com/v1/tracks/2lophWrG2xqv9CSgSPca5k,https://api.spotify.com/v1/audio-analysis/2lophWrG2xqv9CSgSPca5k,197901,4,0.52,0.876,5,-3.707,1,0.0606,0.0414,0.0,0.418,0.38,160.008,audio_features,2lophWrG2xqv9CSgSPca5k,spotify:track:2lophWrG2xqv9CSgSPca5k,https://api.spotify.com/v1/tracks/2lophWrG2xqv9CSgSPca5k,https://api.spotify.com/v1/audio-analysis/2lophWrG2xqv9CSgSPca5k,197901,4
Baby Don't Hurt Me,"David Guetta, Anne-Marie & Coi Leray",3BKD1PwArikchz2Zrlp1qi,0.602,0.91,7,-3.404,1,0.0308,0.00126,0.000174,0.12,0.228,127.944,audio_features,3BKD1PwArikchz2Zrlp1qi,spotify:track:3BKD1PwArikchz2Zrlp1qi,https://api.spotify.com/v1/tracks/3BKD1PwArikchz2Zrlp1qi,https://api.spotify.com/v1/audio-analysis/3BKD1PwArikchz2Zrlp1qi,140018,4,0.602,0.91,7,-3.404,1,0.0308,0.00126,0.000174,0.12,0.228,127.944,audio_features,3BKD1PwArikchz2Zrlp1qi,spotify:track:3BKD1PwArikchz2Zrlp1qi,https://api.spotify.com/v1/tracks/3BKD1PwArikchz2Zrlp1qi,https://api.spotify.com/v1/audio-analysis/3BKD1PwArikchz2Zrlp1qi,140018,4,0.602,0.91,7,-3.404,1,0.0308,0.00126,0.000174,0.12,0.228,127.944,audio_features,3BKD1PwArikchz2Zrlp1qi,spotify:track:3BKD1PwArikchz2Zrlp1qi,https://api.spotify.com/v1/tracks/3BKD1PwArikchz2Zrlp1qi,https://api.spotify.com/v1/audio-analysis/3BKD1PwArikchz2Zrlp1qi,140018,4
TQG,Karol G x Shakira,0DWdj2oZMBFSzRsi2Cvfzf,0.72,0.63,4,-3.547,0,0.277,0.673,0.0,0.0936,0.607,179.974,audio_features,0DWdj2oZMBFSzRsi2Cvfzf,spotify:track:0DWdj2oZMBFSzRsi2Cvfzf,https://api.spotify.com/v1/tracks/0DWdj2oZMBFSzRsi2Cvfzf,https://api.spotify.com/v1/audio-analysis/0DWdj2oZMBFSzRsi2Cvfzf,199440,4,0.72,0.63,4,-3.547,0,0.277,0.673,0.0,0.0936,0.607,179.974,audio_features,0DWdj2oZMBFSzRsi2Cvfzf,spotify:track:0DWdj2oZMBFSzRsi2Cvfzf,https://api.spotify.com/v1/tracks/0DWdj2oZMBFSzRsi2Cvfzf,https://api.spotify.com/v1/audio-analysis/0DWdj2oZMBFSzRsi2Cvfzf,199440,4,0.72,0.63,4,-3.547,0,0.277,0.673,0.0,0.0936,0.607,179.974,audio_features,0DWdj2oZMBFSzRsi2Cvfzf,spotify:track:0DWdj2oZMBFSzRsi2Cvfzf,https://api.spotify.com/v1/tracks/0DWdj2oZMBFSzRsi2Cvfzf,https://api.spotify.com/v1/audio-analysis/0DWdj2oZMBFSzRsi2Cvfzf,199440,4
Popular,"The Weeknd, Playboi Carti & Madonna",2BRk8p8Mc39p4sMULNPKXC,0.765,0.434,1,-14.769,1,0.0718,0.0165,0.884,0.0968,0.114,99.29,audio_features,2BRk8p8Mc39p4sMULNPKXC,spotify:track:2BRk8p8Mc39p4sMULNPKXC,https://api.spotify.com/v1/tracks/2BRk8p8Mc39p4sMULNPKXC,https://api.spotify.com/v1/audio-analysis/2BRk8p8Mc39p4sMULNPKXC,214884,4,0.765,0.434,1,-14.769,1,0.0718,0.0165,0.884,0.0968,0.114,99.29,audio_features,2BRk8p8Mc39p4sMULNPKXC,spotify:track:2BRk8p8Mc39p4sMULNPKXC,https://api.spotify.com/v1/tracks/2BRk8p8Mc39p4sMULNPKXC,https://api.spotify.com/v1/audio-analysis/2BRk8p8Mc39p4sMULNPKXC,214884,4,0.765,0.434,1,-14.769,1,0.0718,0.0165,0.884,0.0968,0.114,99.29,audio_features,2BRk8p8Mc39p4sMULNPKXC,spotify:track:2BRk8p8Mc39p4sMULNPKXC,https://api.spotify.com/v1/tracks/2BRk8p8Mc39p4sMULNPKXC,https://api.spotify.com/v1/audio-analysis/2BRk8p8Mc39p4sMULNPKXC,214884,4
Mourning,Post Malone,6Ole34qqbgkZ60IyrcVm7e,0.596,0.651,9,-4.604,1,0.0331,0.0971,0.0,0.279,0.255,73.959,audio_features,0gWrMbx6pbdH3n3nsLjE55,spotify:track:0gWrMbx6pbdH3n3nsLjE55,https://api.spotify.com/v1/tracks/0gWrMbx6pbdH3n3nsLjE55,https://api.spotify.com/v1/audio-analysis/0gWrMbx6pbdH3n3nsLjE55,147819,4,0.727,0.839,2,-4.781,1,0.184,0.01,3.63e-06,0.177,0.338,95.485,audio_features,6Ole34qqbgkZ60IyrcVm7e,spotify:track:6Ole34qqbgkZ60IyrcVm7e,https://api.spotify.com/v1/tracks/6Ole34qqbgkZ60IyrcVm7e,https://api.spotify.com/v1/audio-analysis/6Ole34qqbgkZ60IyrcVm7e,127253,4,0.727,0.839,2,-4.781,1,0.184,0.01,3.63e-06,0.177,0.338,95.485,audio_features,6Ole34qqbgkZ60IyrcVm7e,spotify:track:6Ole34qqbgkZ60IyrcVm7e,https://api.spotify.com/v1/tracks/6Ole34qqbgkZ60IyrcVm7e,https://api.spotify.com/v1/audio-analysis/6Ole34qqbgkZ60IyrcVm7e,127253,4
All Alone,Lil Uzi Vert,6kHYpEnDpMCyGu0E2PlWY1,0.752,0.693,6,-6.087,0,0.162,0.0954,0.0,0.293,0.473,138.104,audio_features,6kHYpEnDpMCyGu0E2PlWY1,spotify:track:6kHYpEnDpMCyGu0E2PlWY1,https://api.spotify.com/v1/tracks/6kHYpEnDpMCyGu0E2PlWY1,https://api.spotify.com/v1/audio-analysis/6kHYpEnDpMCyGu0E2PlWY1,222618,4,0.752,0.693,6,-6.087,0,0.162,0.0954,0.0,0.293,0.473,138.104,audio_features,6kHYpEnDpMCyGu0E2PlWY1,spotify:track:6kHYpEnDpMCyGu0E2PlWY1,https://api.spotify.com/v1/tracks/6kHYpEnDpMCyGu0E2PlWY1,https://api.spotify.com/v1/audio-analysis/6kHYpEnDpMCyGu0E2PlWY1,222618,4,0.752,0.693,6,-6.087,0,0.162,0.0954,0.0,0.293,0.473,138.104,audio_features,6kHYpEnDpMCyGu0E2PlWY1,spotify:track:6kHYpEnDpMCyGu0E2PlWY1,https://api.spotify.com/v1/tracks/6kHYpEnDpMCyGu0E2PlWY1,https://api.spotify.com/v1/audio-analysis/6kHYpEnDpMCyGu0E2PlWY1,222618,4
Rubicon,Peso Pluma,3juiyd3mGgN9LkPeNV3xfB,0.0749,0.00598,8,-30.745,0,0.0369,0.978,0.895,0.109,0.0373,69.52,audio_features,6127NAkQKvpHxsQ7QS3bsm,spotify:track:6127NAkQKvpHxsQ7QS3bsm,https://api.spotify.com/v1/tracks/6127NAkQKvpHxsQ7QS3bsm,https://api.spotify.com/v1/audio-analysis/6127NAkQKvpHxsQ7QS3bsm,172304,5,0.283,0.964,11,-4.475,0,0.164,4.58e-05,0.653,0.393,0.379,146.385,audio_features,3juiyd3mGgN9LkPeNV3xfB,spotify:track:3juiyd3mGgN9LkPeNV3xfB,https://api.spotify.com/v1/tracks/3juiyd3mGgN9LkPeNV3xfB,https://api.spotify.com/v1/audio-analysis/3juiyd3mGgN9LkPeNV3xfB,279520,4,0.283,0.964,11,-4.475,0,0.164,4.58e-05,0.653,0.393,0.379,146.385,audio_features,3juiyd3mGgN9LkPeNV3xfB,spotify:track:3juiyd3mGgN9LkPeNV3xfB,https://api.spotify.com/v1/tracks/3juiyd3mGgN9LkPeNV3xfB,https://api.spotify.com/v1/audio-analysis/3juiyd3mGgN9LkPeNV3xfB,279520,4
Died And Came Back,Lil Uzi Vert,6kQF79mjbOkvuRvg0J2XZv,0.674,0.669,1,-5.079,0,0.0803,0.149,0.0,0.56,0.431,132.098,audio_features,6kQF79mjbOkvuRvg0J2XZv,spotify:track:6kQF79mjbOkvuRvg0J2XZv,https://api.spotify.com/v1/tracks/6kQF79mjbOkvuRvg0J2XZv,https://api.spotify.com/v1/audio-analysis/6kQF79mjbOkvuRvg0J2XZv,180636,4,0.674,0.669,1,-5.079,0,0.0803,0.149,0.0,0.56,0.431,132.098,audio_features,6kQF79mjbOkvuRvg0J2XZv,spotify:track:6kQF79mjbOkvuRvg0J2XZv,https://api.spotify.com/v1/tracks/6kQF79mjbOkvuRvg0J2XZv,https://api.spotify.com/v1/audio-analysis/6kQF79mjbOkvuRvg0J2XZv,180636,4,0.674,0.669,1,-5.079,0,0.0803,0.149,0.0,0.56,0.431,132.098,audio_features,6kQF79mjbOkvuRvg0J2XZv,spotify:track:6kQF79mjbOkvuRvg0J2XZv,https://api.spotify.com/v1/tracks/6kQF79mjbOkvuRvg0J2XZv,https://api.spotify.com/v1/audio-analysis/6kQF79mjbOkvuRvg0J2XZv,180636,4
Por Las Noches,Peso Pluma,2VzCjpKvPB1l1tqLndtAQa,0.807,0.595,0,-7.19,1,0.0325,0.31,2.44e-05,0.0735,0.392,92.491,audio_features,2VzCjpKvPB1l1tqLndtAQa,spotify:track:2VzCjpKvPB1l1tqLndtAQa,https://api.spotify.com/v1/tracks/2VzCjpKvPB1l1tqLndtAQa,https://api.spotify.com/v1/audio-analysis/2VzCjpKvPB1l1tqLndtAQa,239845,4,0.807,0.595,0,-7.19,1,0.0325,0.31,2.44e-05,0.0735,0.392,92.491,audio_features,2VzCjpKvPB1l1tqLndtAQa,spotify:track:2VzCjpKvPB1l1tqLndtAQa,https://api.spotify.com/v1/tracks/2VzCjpKvPB1l1tqLndtAQa,https://api.spotify.com/v1/audio-analysis/2VzCjpKvPB1l1tqLndtAQa,239845,4,0.807,0.595,0,-7.19,1,0.0325,0.31,2.44e-05,0.0735,0.392,92.491,audio_features,2VzCjpKvPB1l1tqLndtAQa,spotify:track:2VzCjpKvPB1l1tqLndtAQa,https://api.spotify.com/v1/tracks/2VzCjpKvPB1l1tqLndtAQa,https://api.spotify.com/v1/audio-analysis/2VzCjpKvPB1l1tqLndtAQa,239845,4
Attention,Doja Cat,11xC6P3iKYpFThT6Ce1KdG,0.759,0.567,2,-7.911,1,0.248,0.118,0.0278,0.105,0.421,87.981,audio_features,11xC6P3iKYpFThT6Ce1KdG,spotify:track:11xC6P3iKYpFThT6Ce1KdG,https://api.spotify.com/v1/tracks/11xC6P3iKYpFThT6Ce1KdG,https://api.spotify.com/v1/audio-analysis/11xC6P3iKYpFThT6Ce1KdG,277044,4,0.759,0.567,2,-7.911,1,0.248,0.118,0.0278,0.105,0.421,87.981,audio_features,11xC6P3iKYpFThT6Ce1KdG,spotify:track:11xC6P3iKYpFThT6Ce1KdG,https://api.spotify.com/v1/tracks/11xC6P3iKYpFThT6Ce1KdG,https://api.spotify.com/v1/audio-analysis/11xC6P3iKYpFThT6Ce1KdG,277044,4,0.759,0.567,2,-7.911,1,0.248,0.118,0.0278,0.105,0.421,87.981,audio_features,11xC6P3iKYpFThT6Ce1KdG,spotify:track:11xC6P3iKYpFThT6Ce1KdG,https://api.spotify.com/v1/tracks/11xC6P3iKYpFThT6Ce1KdG,https://api.spotify.com/v1/audio-analysis/11xC6P3iKYpFThT6Ce1KdG,277044,4
Werewolf,Lil Uzi Vert Featuring Bring Me The Horizon,3ySqZ8yGoh4Emi9HiPCCdP,0.389,0.962,2,-4.772,0,0.248,5.98e-05,0.623,0.331,0.155,183.049,audio_features,3ySqZ8yGoh4Emi9HiPCCdP,spotify:track:3ySqZ8yGoh4Emi9HiPCCdP,https://api.spotify.com/v1/tracks/3ySqZ8yGoh4Emi9HiPCCdP,https://api.spotify.com/v1/audio-analysis/3ySqZ8yGoh4Emi9HiPCCdP,239864,4,0.389,0.962,2,-4.772,0,0.248,5.98e-05,0.623,0.331,0.155,183.049,audio_features,3ySqZ8yGoh4Emi9HiPCCdP,spotify:track:3ySqZ8yGoh4Emi9HiPCCdP,https://api.spotify.com/v1/tracks/3ySqZ8yGoh4Emi9HiPCCdP,https://api.spotify.com/v1/audio-analysis/3ySqZ8yGoh4Emi9HiPCCdP,239864,4,0.389,0.962,2,-4.772,0,0.248,5.98e-05,0.623,0.331,0.155,183.049,audio_features,3ySqZ8yGoh4Emi9HiPCCdP,spotify:track:3ySqZ8yGoh4Emi9HiPCCdP,https://api.spotify.com/v1/tracks/3ySqZ8yGoh4Emi9HiPCCdP,https://api.spotify.com/v1/audio-analysis/3ySqZ8yGoh4Emi9HiPCCdP,239864,4
El Azul,Junior H x Peso Pluma,1haJsMtoBhHfvuM7XWuT3W,0.558,0.648,9,-7.081,0,0.055,0.226,7.76e-06,0.0986,0.844,143.876,audio_features,1haJsMtoBhHfvuM7XWuT3W,spotify:track:1haJsMtoBhHfvuM7XWuT3W,https://api.spotify.com/v1/tracks/1haJsMtoBhHfvuM7XWuT3W,https://api.spotify.com/v1/audio-analysis/1haJsMtoBhHfvuM7XWuT3W,187226,3,0.558,0.648,9,-7.081,0,0.055,0.226,7.76e-06,0.0986,0.844,143.876,audio_features,1haJsMtoBhHfvuM7XWuT3W,spotify:track:1haJsMtoBhHfvuM7XWuT3W,https://api.spotify.com/v1/tracks/1haJsMtoBhHfvuM7XWuT3W,https://api.spotify.com/v1/audio-analysis/1haJsMtoBhHfvuM7XWuT3W,187226,3,0.558,0.648,9,-7.081,0,0.055,0.226,7.76e-06,0.0986,0.844,143.876,audio_features,1haJsMtoBhHfvuM7XWuT3W,spotify:track:1haJsMtoBhHfvuM7XWuT3W,https://api.spotify.com/v1/tracks/1haJsMtoBhHfvuM7XWuT3W,https://api.spotify.com/v1/audio-analysis/1haJsMtoBhHfvuM7XWuT3W,187226,3
Everything I Love,Morgan Wallen,0cv6mTbrqr8vxGC31NjKtM,0.568,0.841,8,-3.802,1,0.0261,0.00514,0.000503,0.147,0.668,103.983,audio_features,03fs6oV5JAlbytRYf3371S,spotify:track:03fs6oV5JAlbytRYf3371S,https://api.spotify.com/v1/tracks/03fs6oV5JAlbytRYf3371S,https://api.spotify.com/v1/audio-analysis/03fs6oV5JAlbytRYf3371S,187047,4,0.566,0.845,8,-3.817,1,0.0265,0.00475,0.000822,0.148,0.698,103.97,audio_features,0cv6mTbrqr8vxGC31NjKtM,spotify:track:0cv6mTbrqr8vxGC31NjKtM,https://api.spotify.com/v1/tracks/0cv6mTbrqr8vxGC31NjKtM,https://api.spotify.com/v1/audio-analysis/0cv6mTbrqr8vxGC31NjKtM,187047,4,0.566,0.845,8,-3.817,1,0.0265,0.00475,0.000822,0.148,0.698,103.97,audio_features,0cv6mTbrqr8vxGC31NjKtM,spotify:track:0cv6mTbrqr8vxGC31NjKtM,https://api.spotify.com/v1/tracks/0cv6mTbrqr8vxGC31NjKtM,https://api.spotify.com/v1/audio-analysis/0cv6mTbrqr8vxGC31NjKtM,187047,4
Cowgirls,Morgan Wallen Featuring ERNEST,2ccuOtUjIyx3tPcsnpeBzJ,0.624,0.766,8,-3.805,1,0.0359,0.199,8.62e-06,0.156,0.37,172.08,audio_features,7fveJ3pk1eSfxBdVkzdXZ0,spotify:track:7fveJ3pk1eSfxBdVkzdXZ0,https://api.spotify.com/v1/tracks/7fveJ3pk1eSfxBdVkzdXZ0,https://api.spotify.com/v1/audio-analysis/7fveJ3pk1eSfxBdVkzdXZ0,181621,4,0.527,0.461,7,-5.908,1,0.0269,0.118,0.0,0.0831,0.227,128.153,audio_features,2ccuOtUjIyx3tPcsnpeBzJ,spotify:track:2ccuOtUjIyx3tPcsnpeBzJ,https://api.spotify.com/v1/tracks/2ccuOtUjIyx3tPcsnpeBzJ,https://api.spotify.com/v1/audio-analysis/2ccuOtUjIyx3tPcsnpeBzJ,214405,3,0.527,0.461,7,-5.908,1,0.0269,0.118,0.0,0.0831,0.227,128.153,audio_features,2ccuOtUjIyx3tPcsnpeBzJ,spotify:track:2ccuOtUjIyx3tPcsnpeBzJ,https://api.spotify.com/v1/tracks/2ccuOtUjIyx3tPcsnpeBzJ,https://api.spotify.com/v1/audio-analysis/2ccuOtUjIyx3tPcsnpeBzJ,214405,3
Waffle House,Jonas Brothers,5iE3eUH2WGCXcE2xr6DEmU,0.729,0.763,10,-4.407,1,0.0363,0.033,1e-06,0.192,0.864,126.002,audio_features,5iE3eUH2WGCXcE2xr6DEmU,spotify:track:5iE3eUH2WGCXcE2xr6DEmU,https://api.spotify.com/v1/tracks/5iE3eUH2WGCXcE2xr6DEmU,https://api.spotify.com/v1/audio-analysis/5iE3eUH2WGCXcE2xr6DEmU,145441,4,0.729,0.763,10,-4.407,1,0.0363,0.033,1e-06,0.192,0.864,126.002,audio_features,5iE3eUH2WGCXcE2xr6DEmU,spotify:track:5iE3eUH2WGCXcE2xr6DEmU,https://api.spotify.com/v1/tracks/5iE3eUH2WGCXcE2xr6DEmU,https://api.spotify.com/v1/audio-analysis/5iE3eUH2WGCXcE2xr6DEmU,145441,4,0.729,0.763,10,-4.407,1,0.0363,0.033,1e-06,0.192,0.864,126.002,audio_features,5iE3eUH2WGCXcE2xr6DEmU,spotify:track:5iE3eUH2WGCXcE2xr6DEmU,https://api.spotify.com/v1/tracks/5iE3eUH2WGCXcE2xr6DEmU,https://api.spotify.com/v1/audio-analysis/5iE3eUH2WGCXcE2xr6DEmU,145441,4
Pound Town 2,Sexyy Red & Tay Keith & Nicki Minaj,6IEXjer2qbXhRLFv99NQQv,0.637,0.634,2,-8.126,1,0.426,0.174,0.0,0.149,0.49,178.037,audio_features,6IEXjer2qbXhRLFv99NQQv,spotify:track:6IEXjer2qbXhRLFv99NQQv,https://api.spotify.com/v1/tracks/6IEXjer2qbXhRLFv99NQQv,https://api.spotify.com/v1/audio-analysis/6IEXjer2qbXhRLFv99NQQv,194048,4,0.637,0.634,2,-8.126,1,0.426,0.174,0.0,0.149,0.49,178.037,audio_features,6IEXjer2qbXhRLFv99NQQv,spotify:track:6IEXjer2qbXhRLFv99NQQv,https://api.spotify.com/v1/tracks/6IEXjer2qbXhRLFv99NQQv,https://api.spotify.com/v1/audio-analysis/6IEXjer2qbXhRLFv99NQQv,194048,4,0.637,0.634,2,-8.126,1,0.426,0.174,0.0,0.149,0.49,178.037,audio_features,6IEXjer2qbXhRLFv99NQQv,spotify:track:6IEXjer2qbXhRLFv99NQQv,https://api.spotify.com/v1/tracks/6IEXjer2qbXhRLFv99NQQv,https://api.spotify.com/v1/audio-analysis/6IEXjer2qbXhRLFv99NQQv,194048,4
Watermelon Moonshine,Lainey Wilson,7Fa7EcDrcGw2SUh8WjX3zo,0.739,0.413,1,-6.709,1,0.0282,0.47,2.51e-05,0.131,0.649,139.921,audio_features,7Fa7EcDrcGw2SUh8WjX3zo,spotify:track:7Fa7EcDrcGw2SUh8WjX3zo,https://api.spotify.com/v1/tracks/7Fa7EcDrcGw2SUh8WjX3zo,https://api.spotify.com/v1/audio-analysis/7Fa7EcDrcGw2SUh8WjX3zo,208853,4,0.739,0.413,1,-6.709,1,0.0282,0.47,2.51e-05,0.131,0.649,139.921,audio_features,7Fa7EcDrcGw2SUh8WjX3zo,spotify:track:7Fa7EcDrcGw2SUh8WjX3zo,https://api.spotify.com/v1/tracks/7Fa7EcDrcGw2SUh8WjX3zo,https://api.spotify.com/v1/audio-analysis/7Fa7EcDrcGw2SUh8WjX3zo,208853,4,0.739,0.413,1,-6.709,1,0.0282,0.47,2.51e-05,0.131,0.649,139.921,audio_features,7Fa7EcDrcGw2SUh8WjX3zo,spotify:track:7Fa7EcDrcGw2SUh8WjX3zo,https://api.spotify.com/v1/tracks/7Fa7EcDrcGw2SUh8WjX3zo,https://api.spotify.com/v1/audio-analysis/7Fa7EcDrcGw2SUh8WjX3zo,208853,4
Calling,"Metro Boomin, Swae Lee & NAV Featuring A Boogie Wit da Hoodie",1wJRveJZLSb1rjhnUHQiv6,0.581,0.662,9,-5.239,1,0.303,0.0153,0.0,0.111,0.434,93.023,audio_features,1wJRveJZLSb1rjhnUHQiv6,spotify:track:1wJRveJZLSb1rjhnUHQiv6,https://api.spotify.com/v1/tracks/1wJRveJZLSb1rjhnUHQiv6,https://api.spotify.com/v1/audio-analysis/1wJRveJZLSb1rjhnUHQiv6,189487,4,0.581,0.662,9,-5.239,1,0.303,0.0153,0.0,0.111,0.434,93.023,audio_features,1wJRveJZLSb1rjhnUHQiv6,spotify:track:1wJRveJZLSb1rjhnUHQiv6,https://api.spotify.com/v1/tracks/1wJRveJZLSb1rjhnUHQiv6,https://api.spotify.com/v1/audio-analysis/1wJRveJZLSb1rjhnUHQiv6,189487,4,0.581,0.662,9,-5.239,1,0.303,0.0153,0.0,0.111,0.434,93.023,audio_features,1wJRveJZLSb1rjhnUHQiv6,spotify:track:1wJRveJZLSb1rjhnUHQiv6,https://api.spotify.com/v1/tracks/1wJRveJZLSb1rjhnUHQiv6,https://api.spotify.com/v1/audio-analysis/1wJRveJZLSb1rjhnUHQiv6,189487,4
Fragil,Yahritza y Su Esencia x Grupo Frontera,4JdSXF2p71cr8uCY3UiJM0,0.605,0.726,6,-4.515,1,0.0309,0.365,0.0,0.112,0.393,149.918,audio_features,4JdSXF2p71cr8uCY3UiJM0,spotify:track:4JdSXF2p71cr8uCY3UiJM0,https://api.spotify.com/v1/tracks/4JdSXF2p71cr8uCY3UiJM0,https://api.spotify.com/v1/audio-analysis/4JdSXF2p71cr8uCY3UiJM0,160518,4,0.605,0.726,6,-4.515,1,0.0309,0.365,0.0,0.112,0.393,149.918,audio_features,4JdSXF2p71cr8uCY3UiJM0,spotify:track:4JdSXF2p71cr8uCY3UiJM0,https://api.spotify.com/v1/tracks/4JdSXF2p71cr8uCY3UiJM0,https://api.spotify.com/v1/audio-analysis/4JdSXF2p71cr8uCY3UiJM0,160518,4,0.605,0.726,6,-4.515,1,0.0309,0.365,0.0,0.112,0.393,149.918,audio_features,4JdSXF2p71cr8uCY3UiJM0,spotify:track:4JdSXF2p71cr8uCY3UiJM0,https://api.spotify.com/v1/tracks/4JdSXF2p71cr8uCY3UiJM0,https://api.spotify.com/v1/audio-analysis/4JdSXF2p71cr8uCY3UiJM0,160518,4
See You Again,"Tyler, The Creator Featuring Kali Uchis",2JzZzZUQj3Qff7wapcbKjc,0.558,0.559,6,-9.222,1,0.0959,0.371,7.49e-06,0.109,0.62,78.558,audio_features,7KA4W4McWYRpgf0fWsJZWB,spotify:track:7KA4W4McWYRpgf0fWsJZWB,https://api.spotify.com/v1/tracks/7KA4W4McWYRpgf0fWsJZWB,https://api.spotify.com/v1/audio-analysis/7KA4W4McWYRpgf0fWsJZWB,180387,4,0.689,0.481,10,-7.503,1,0.0815,0.369,1.03e-06,0.0649,0.283,80.025,audio_features,2JzZzZUQj3Qff7wapcbKjc,spotify:track:2JzZzZUQj3Qff7wapcbKjc,https://api.spotify.com/v1/tracks/2JzZzZUQj3Qff7wapcbKjc,https://api.spotify.com/v1/audio-analysis/2JzZzZUQj3Qff7wapcbKjc,229526,4,0.689,0.481,10,-7.503,1,0.0815,0.369,1.03e-06,0.0649,0.283,80.025,audio_features,2JzZzZUQj3Qff7wapcbKjc,spotify:track:2JzZzZUQj3Qff7wapcbKjc,https://api.spotify.com/v1/tracks/2JzZzZUQj3Qff7wapcbKjc,https://api.spotify.com/v1/audio-analysis/2JzZzZUQj3Qff7wapcbKjc,229526,4
Truck Bed,HARDY,103u49mLoJUge83B1CnLxI,0.662,0.77,0,-4.887,1,0.0367,0.0875,0.0,0.35,0.769,132.057,audio_features,103u49mLoJUge83B1CnLxI,spotify:track:103u49mLoJUge83B1CnLxI,https://api.spotify.com/v1/tracks/103u49mLoJUge83B1CnLxI,https://api.spotify.com/v1/audio-analysis/103u49mLoJUge83B1CnLxI,167535,4,0.662,0.77,0,-4.887,1,0.0367,0.0875,0.0,0.35,0.769,132.057,audio_features,103u49mLoJUge83B1CnLxI,spotify:track:103u49mLoJUge83B1CnLxI,https://api.spotify.com/v1/tracks/103u49mLoJUge83B1CnLxI,https://api.spotify.com/v1/audio-analysis/103u49mLoJUge83B1CnLxI,167535,4,0.662,0.77,0,-4.887,1,0.0367,0.0875,0.0,0.35,0.769,132.057,audio_features,103u49mLoJUge83B1CnLxI,spotify:track:103u49mLoJUge83B1CnLxI,https://api.spotify.com/v1/tracks/103u49mLoJUge83B1CnLxI,https://api.spotify.com/v1/audio-analysis/103u49mLoJUge83B1CnLxI,167535,4
Zoom,Lil Uzi Vert,3VFGA65JnN8EDmnRb5SHW2,0.818,0.547,5,-5.868,0,0.39,0.0784,1.3e-06,0.119,0.432,79.483,audio_features,3VFGA65JnN8EDmnRb5SHW2,spotify:track:3VFGA65JnN8EDmnRb5SHW2,https://api.spotify.com/v1/tracks/3VFGA65JnN8EDmnRb5SHW2,https://api.spotify.com/v1/audio-analysis/3VFGA65JnN8EDmnRb5SHW2,166013,4,0.818,0.547,5,-5.868,0,0.39,0.0784,1.3e-06,0.119,0.432,79.483,audio_features,3VFGA65JnN8EDmnRb5SHW2,spotify:track:3VFGA65JnN8EDmnRb5SHW2,https://api.spotify.com/v1/tracks/3VFGA65JnN8EDmnRb5SHW2,https://api.spotify.com/v1/audio-analysis/3VFGA65JnN8EDmnRb5SHW2,166013,4,0.818,0.547,5,-5.868,0,0.39,0.0784,1.3e-06,0.119,0.432,79.483,audio_features,3VFGA65JnN8EDmnRb5SHW2,spotify:track:3VFGA65JnN8EDmnRb5SHW2,https://api.spotify.com/v1/tracks/3VFGA65JnN8EDmnRb5SHW2,https://api.spotify.com/v1/audio-analysis/3VFGA65JnN8EDmnRb5SHW2,166013,4
That Fiya,Lil Uzi Vert,1bIHv5s0rByq6ZOqDSt8K8,0.565,0.712,3,-4.012,0,0.0301,0.00234,0.0,0.186,0.22,138.124,audio_features,1bIHv5s0rByq6ZOqDSt8K8,spotify:track:1bIHv5s0rByq6ZOqDSt8K8,https://api.spotify.com/v1/tracks/1bIHv5s0rByq6ZOqDSt8K8,https://api.spotify.com/v1/audio-analysis/1bIHv5s0rByq6ZOqDSt8K8,154832,4,0.565,0.712,3,-4.012,0,0.0301,0.00234,0.0,0.186,0.22,138.124,audio_features,1bIHv5s0rByq6ZOqDSt8K8,spotify:track:1bIHv5s0rByq6ZOqDSt8K8,https://api.spotify.com/v1/tracks/1bIHv5s0rByq6ZOqDSt8K8,https://api.spotify.com/v1/audio-analysis/1bIHv5s0rByq6ZOqDSt8K8,154832,4,0.565,0.712,3,-4.012,0,0.0301,0.00234,0.0,0.186,0.22,138.124,audio_features,1bIHv5s0rByq6ZOqDSt8K8,spotify:track:1bIHv5s0rByq6ZOqDSt8K8,https://api.spotify.com/v1/tracks/1bIHv5s0rByq6ZOqDSt8K8,https://api.spotify.com/v1/audio-analysis/1bIHv5s0rByq6ZOqDSt8K8,154832,4
We Didn't Start The Fire,Fall Out Boy,60glT2wsoSHV3B8yCRSB8v,0.712,0.967,7,-5.206,1,0.047,0.0771,0.0,0.356,0.895,145.024,audio_features,3Cx4yrFaX8CeHwBMReOWXI,spotify:track:3Cx4yrFaX8CeHwBMReOWXI,https://api.spotify.com/v1/tracks/3Cx4yrFaX8CeHwBMReOWXI,https://api.spotify.com/v1/audio-analysis/3Cx4yrFaX8CeHwBMReOWXI,287733,4,0.567,0.961,7,-4.084,1,0.0572,0.00139,3.7e-05,0.102,0.669,151.92,audio_features,60glT2wsoSHV3B8yCRSB8v,spotify:track:60glT2wsoSHV3B8yCRSB8v,https://api.spotify.com/v1/tracks/60glT2wsoSHV3B8yCRSB8v,https://api.spotify.com/v1/audio-analysis/60glT2wsoSHV3B8yCRSB8v,215531,4,0.567,0.961,7,-4.084,1,0.0572,0.00139,3.7e-05,0.102,0.669,151.92,audio_features,60glT2wsoSHV3B8yCRSB8v,spotify:track:60glT2wsoSHV3B8yCRSB8v,https://api.spotify.com/v1/tracks/60glT2wsoSHV3B8yCRSB8v,https://api.spotify.com/v1/audio-analysis/60glT2wsoSHV3B8yCRSB8v,215531,4
Fight The Feeling,Rod Wave,7l6nGz4gp6HGs5Cvmdeqe4,0.701,0.711,8,-6.666,1,0.127,0.27,0.0,0.0911,0.419,160.0,audio_features,6F4tgHJ5dE0pVWRPs3m1hs,spotify:track:6F4tgHJ5dE0pVWRPs3m1hs,https://api.spotify.com/v1/tracks/6F4tgHJ5dE0pVWRPs3m1hs,https://api.spotify.com/v1/audio-analysis/6F4tgHJ5dE0pVWRPs3m1hs,140040,4,0.634,0.538,0,-9.213,1,0.0603,0.0514,0.0,0.099,0.152,168.029,audio_features,7l6nGz4gp6HGs5Cvmdeqe4,spotify:track:7l6nGz4gp6HGs5Cvmdeqe4,https://api.spotify.com/v1/tracks/7l6nGz4gp6HGs5Cvmdeqe4,https://api.spotify.com/v1/audio-analysis/7l6nGz4gp6HGs5Cvmdeqe4,160714,5,0.634,0.538,0,-9.213,1,0.0603,0.0514,0.0,0.099,0.152,168.029,audio_features,7l6nGz4gp6HGs5Cvmdeqe4,spotify:track:7l6nGz4gp6HGs5Cvmdeqe4,https://api.spotify.com/v1/tracks/7l6nGz4gp6HGs5Cvmdeqe4,https://api.spotify.com/v1/audio-analysis/7l6nGz4gp6HGs5Cvmdeqe4,160714,5
Ain't That Some,Morgan Wallen,2YVlDlk2zRceefo6XlC6DX,0.732,0.839,9,-5.007,1,0.0345,0.265,0.0,0.602,0.629,119.724,audio_features,5W4kiM2cUYBJXKRudNyxjW,spotify:track:5W4kiM2cUYBJXKRudNyxjW,https://api.spotify.com/v1/tracks/5W4kiM2cUYBJXKRudNyxjW,https://api.spotify.com/v1/audio-analysis/5W4kiM2cUYBJXKRudNyxjW,157478,4,0.641,0.803,6,-5.781,0,0.0286,0.00232,3.86e-06,0.361,0.671,121.086,audio_features,2YVlDlk2zRceefo6XlC6DX,spotify:track:2YVlDlk2zRceefo6XlC6DX,https://api.spotify.com/v1/tracks/2YVlDlk2zRceefo6XlC6DX,https://api.spotify.com/v1/audio-analysis/2YVlDlk2zRceefo6XlC6DX,158004,4,0.641,0.803,6,-5.781,0,0.0286,0.00232,3.86e-06,0.361,0.671,121.086,audio_features,2YVlDlk2zRceefo6XlC6DX,spotify:track:2YVlDlk2zRceefo6XlC6DX,https://api.spotify.com/v1/tracks/2YVlDlk2zRceefo6XlC6DX,https://api.spotify.com/v1/audio-analysis/2YVlDlk2zRceefo6XlC6DX,158004,4
Lagunas,Peso Pluma & Jasiel Nunez,3HOKxuTDmNVmIlCIpBiD8m,0.77,0.622,11,-10.621,1,0.026,0.328,0.00603,0.149,0.792,115.952,audio_features,3HOKxuTDmNVmIlCIpBiD8m,spotify:track:3HOKxuTDmNVmIlCIpBiD8m,https://api.spotify.com/v1/tracks/3HOKxuTDmNVmIlCIpBiD8m,https://api.spotify.com/v1/audio-analysis/3HOKxuTDmNVmIlCIpBiD8m,231247,3,0.77,0.622,11,-10.621,1,0.026,0.328,0.00603,0.149,0.792,115.952,audio_features,3HOKxuTDmNVmIlCIpBiD8m,spotify:track:3HOKxuTDmNVmIlCIpBiD8m,https://api.spotify.com/v1/tracks/3HOKxuTDmNVmIlCIpBiD8m,https://api.spotify.com/v1/audio-analysis/3HOKxuTDmNVmIlCIpBiD8m,231247,3,0.77,0.622,11,-10.621,1,0.026,0.328,0.00603,0.149,0.792,115.952,audio_features,3HOKxuTDmNVmIlCIpBiD8m,spotify:track:3HOKxuTDmNVmIlCIpBiD8m,https://api.spotify.com/v1/tracks/3HOKxuTDmNVmIlCIpBiD8m,https://api.spotify.com/v1/audio-analysis/3HOKxuTDmNVmIlCIpBiD8m,231247,3
Dial Drunk,Noah Kahan,0caJ2wkqp4UmXBwdR2JvB5,0.693,0.595,8,-7.578,1,0.0311,0.0969,0.0,0.113,0.646,112.02,audio_features,0caJ2wkqp4UmXBwdR2JvB5,spotify:track:0caJ2wkqp4UmXBwdR2JvB5,https://api.spotify.com/v1/tracks/0caJ2wkqp4UmXBwdR2JvB5,https://api.spotify.com/v1/audio-analysis/0caJ2wkqp4UmXBwdR2JvB5,213817,4,0.693,0.595,8,-7.578,1,0.0311,0.0969,0.0,0.113,0.646,112.02,audio_features,0caJ2wkqp4UmXBwdR2JvB5,spotify:track:0caJ2wkqp4UmXBwdR2JvB5,https://api.spotify.com/v1/tracks/0caJ2wkqp4UmXBwdR2JvB5,https://api.spotify.com/v1/audio-analysis/0caJ2wkqp4UmXBwdR2JvB5,213817,4,0.693,0.595,8,-7.578,1,0.0311,0.0969,0.0,0.113,0.646,112.02,audio_features,0caJ2wkqp4UmXBwdR2JvB5,spotify:track:0caJ2wkqp4UmXBwdR2JvB5,https://api.spotify.com/v1/tracks/0caJ2wkqp4UmXBwdR2JvB5,https://api.spotify.com/v1/audio-analysis/0caJ2wkqp4UmXBwdR2JvB5,213817,4
Save Me,Jelly Roll With Lainey Wilson,4Bee3PcNdfeqO1B80dDgFn,0.564,0.612,0,-5.018,1,0.0248,0.382,0.0,0.11,0.146,83.03,audio_features,4Bee3PcNdfeqO1B80dDgFn,spotify:track:4Bee3PcNdfeqO1B80dDgFn,https://api.spotify.com/v1/tracks/4Bee3PcNdfeqO1B80dDgFn,https://api.spotify.com/v1/audio-analysis/4Bee3PcNdfeqO1B80dDgFn,237493,3,0.564,0.612,0,-5.018,1,0.0248,0.382,0.0,0.11,0.146,83.03,audio_features,4Bee3PcNdfeqO1B80dDgFn,spotify:track:4Bee3PcNdfeqO1B80dDgFn,https://api.spotify.com/v1/tracks/4Bee3PcNdfeqO1B80dDgFn,https://api.spotify.com/v1/audio-analysis/4Bee3PcNdfeqO1B80dDgFn,237493,3,0.564,0.612,0,-5.018,1,0.0248,0.382,0.0,0.11,0.146,83.03,audio_features,4Bee3PcNdfeqO1B80dDgFn,spotify:track:4Bee3PcNdfeqO1B80dDgFn,https://api.spotify.com/v1/tracks/4Bee3PcNdfeqO1B80dDgFn,https://api.spotify.com/v1/audio-analysis/4Bee3PcNdfeqO1B80dDgFn,237493,3
Jaded,Miley Cyrus,3AAY8YicetRPlDAkibHLiS,0.766,0.44,1,-16.645,1,0.242,0.724,0.698,0.0947,0.206,82.998,audio_features,3pKghzdaXhmu6H21RDKLlE,spotify:track:3pKghzdaXhmu6H21RDKLlE,https://api.spotify.com/v1/tracks/3pKghzdaXhmu6H21RDKLlE,https://api.spotify.com/v1/audio-analysis/3pKghzdaXhmu6H21RDKLlE,161386,4,0.496,0.593,4,-5.154,1,0.0285,0.0476,0.0,0.0909,0.177,91.038,audio_features,3AAY8YicetRPlDAkibHLiS,spotify:track:3AAY8YicetRPlDAkibHLiS,https://api.spotify.com/v1/tracks/3AAY8YicetRPlDAkibHLiS,https://api.spotify.com/v1/audio-analysis/3AAY8YicetRPlDAkibHLiS,185933,4,0.496,0.593,4,-5.154,1,0.0285,0.0476,0.0,0.0909,0.177,91.038,audio_features,3AAY8YicetRPlDAkibHLiS,spotify:track:3AAY8YicetRPlDAkibHLiS,https://api.spotify.com/v1/tracks/3AAY8YicetRPlDAkibHLiS,https://api.spotify.com/v1/audio-analysis/3AAY8YicetRPlDAkibHLiS,185933,4
